S0270000503A2F465047412F5450312F736F6674776172652F73756976695F696E69742E7372656316
S315040000003480C1060400C0DE3A30F6DED401C0DE18
S315040000103A30F6DE74008106046889D67400010657
S31504000020048229C67400810004C6A5103A6800102B
S3150400003004FBFFDE1501C0DF150240D9150380D984
S315040000401504C0D974008100046AA9101700C010F1
S315040000503A880B20040280D8170200193A880D103A
S31504000060150080D8C0FA01401701C0DF0405C0DEC0
S315040000703A2800F804FCFFDE1501C0DF150280D91A
S315040000801503C0D93A880D28170240210402C0D8A6
S315040000903A880F181500C0D8001000401701C0DFB9
S315040000A00404C0DE3A2800F81702803004FEFFDE9E
S315040000B0150000DC1501C0DF3A8821303A880700B4
S315040000C01E0600103A880518150100301701C0DF16
S315040000D0170000DC0402C0DE3A2800F88020044041
S315040000E03A8807103A880518150100801502008021
S315040000F01701C0DF170000DC0402C0DE3A2800F84E
S3150400010004A4FEDE155881DD155201DC1551C1D952
S31504000110155BC1DF155A01DF1559C1DD155741DDE0
S31504000120155601DD1555C1DC155481DC155341DC2A
S315040001303A882D283A882130154F01D9C0820440C7
S31504000140170080101751C1D9154981D8174F81D886
S3150400015026020010170E8010260D02100B0380B025
S315040001600C028010260E0210170480B0260C021012
S315040001700B0300B2840280008C06C0401E2F801838
S315040001808F0380B0162D00108B0340B2170780B280
S315040001901709C0B2174F01D9042940DC044080D89E
S315040001A00400C1004CFF3F423A880D803A880B8810
S315040001B00D2C00DA8D2C40DA153080DA1532C0DACF
S315040001C0152D80D8152EC0D8152980D8152BC0D842
S315040001D0152F00D800100040154B81D816040010C6
S315040001E0174F01D93A880B88808D03401E320210BE
S315040001F00B2C80D80C108010260300100B0380B043
S31504000200141080100D0380B0174B81D8175BC1DF23
S31504000210175A01DF1759C1DD175881DD175741DD1C
S31504000220175601DD1755C1DC175481DC175341DC21
S31504000230175201DC045CC1DE3A2800F83A8805004E
S315040002403A880700041940DD154281D83A882F8080
S315040002501543C1D8154B01D8154801D8154401D802
S31504000260154701D8150C40DD150E00D8150D00D81C
S31504000270070080B8261900104409C0002617C010CC
S315040002803A8821B8060100002603C0104400008401
S31504000290070080801EFC3F103AC8E785260E0098AA
S315040002A0170E80DC170D40DCC40180003A88E59403
S315040002B04400408C1500C0AD150E80DC1501C0ACA1
S315040002C0150D40DC168B4214040240AD174B01D9C0
S315040002D03A88C924154B01D93A882F80070080B87B
S315040002E0263C01104400C0BD050400D80700C0B870
S315040002F0C4FFFF04154C01D8154A01D8154DC1D8C1
S315040003004400C0BD174D41D90416800004F8FF28E7
S315040003103660C0103A88C5183A8885103400C10082
S3150400032004CCC0183A88C510170000113A6800209A
S31504000330A41200049404000494040004901200041B
S315040003409404000494040004940400049404000433
S315040003509404000494040004701000048012000441
S3150400036094040004881000041C130004940400047C
S3150400037008130004D0120004D0120004D0120004A2
S31504000380D0120004D0120004D0120004D0120004CB
S31504000390D0120004D012000494040004940400044F
S315040003A094040004940400049404000494040004D3
S315040003B094040004940400049404000494040004C3
S315040003C0EC0A0004581100049404000458110004B3
S315040003D094040004940400049404000494040004A3
S315040003E0BC1200049404000494040004A00B00044A
S315040003F09404000494040004940400049404000483
S3150400040094040004EC0B0004940400049404000413
S315040004100C120004940400049404000494040004DC
S315040004209404000494040004940400049404000452
S31504000430940400049404000494040004E0110004E9
S31504000440F80A000458110004581100045811000455
S3150400045044110004F80A00049404000494040004FB
S31504000460CC100004940400049C100004AC0B00049B
S31504000470FC100004E810000494040004781300043B
S3150400048094040004F80B0004940400049404000487
S3150400049070120004174D01D926CE002044004001F5
S315040004A0040F80D91540C1D9154541D9154181D9C3
S315040004B03A880F28050F00D9050400D8154601D837
S315040004C0174CC1D88C0080183A000510155081D8F5
S315040004D01E030010174501D984000021154501D9D2
S315040004E0174C41D90C214029154E41D91E2D0028FF
S315040004F0174A81D9174581D83AC8A1300E29000474
S31504000500040480000E580414170E80DC170D40DC1A
S315040005103A8827107400010704A526E7C4010005DC
S315040005200603000004FC3F84040240AD0E13009C45
S31504000530040480944400408C150000AF1501C0AC3F
S31504000540150E80DC150D40DC0EF67FA4174F01D97D
S315040005503A880BB0040C80D91551C1D9800A0040E1
S315040005601751C1D91E9E001004FC3F84170E80DC6F
S31504000570170D40DC041940DD16ED3F9C3A8825949E
S315040005804400408CC4018000150000AF150100AC86
S31504000590150E80DC150D40DC16F54114040240AD41
S315040005A006020000170E80DC170D40DC070480D815
S315040005B0260B001044008000440080944400408CC4
S315040005C0150180A80404C0D8C40180001500C0A881
S315040005D0150E80DC150D40DC16DA4114040240AD1C
S315040005E0175001D91E0B0020440480D8840080943F
S315040005F04400408C150080A88400C000C40180001B
S315040006001501C0A8150E80DC150D40DC16C2411478
S31504000610040240AD174E41D90420800026B180283B
S315040006201746C1D83AC8E1190E260004040480000E
S315040006300EC903143A8827107400010704A126E79B
S31504000640C40100050603000004FC3F84040240AD17
S315040006500E13009C040480944400408C150000AFE3
S315040006601501C0AC150E80DC150D40DC0EF67FA41A
S31504000670174F01D93A880BB0040C80D91551C1D94A
S31504000680800A00401751C1D91E55001004FC3F844E
S31504000690170E80DC170D40DC041940DD16ED3F9C77
S315040006A03A8825944400408CC4018000150000AFAC
S315040006B0150100AC150E80DC150D40DC16824114C4
S315040006C0040240AD174C01D90C4080201E4A00108C
S315040006D0174141D93A88E5914400408CC401800011
S315040006E0150040A91501C0A9150E80DC150D40DCC6
S315040006F0166741140402C0A8174C81D90C01803036
S3150400070026280010174A81D8174501D93AC821115D
S315040007100E240004040480000E4F0414170D40DC5C
S315040007203A8827107400010704A526E7C4010005CA
S315040007300603000004FC3F840402C0180E11009C4A
S31504000740040480944400408C1500001F1501C01C4D
S31504000750150E80DC150D40DC0EF67FA4174F01D96B
S315040007603A880BB0040C80D9800A00401E1C001085
S3150400077004FC3F84170E80DC170D40DC0419C0D836
S3150400078016EF3F9C3A8825944400408CC4018000AF
S315040007901500001F1501001C150E80DC150D40DC2C
S315040007A016CB4014174A81D8174541D90E0140117A
S315040007B03A880528174B81D93A888D30154B81D94B
S315040007C01E3B01901740C1D9041940DD150D00D810
S315040007D006A73E00170E80D81E3F0510150D00D83B
S315040007E00B0380B00C10801026873E10C4FFBF0098
S315040007F0154B81D806843E00174D81D944198000D3
S31504000800166E8011174741D94400C0000E434319A0
S31504000810174181D8440080944400408C150080A878
S31504000820C40180001501C0A8150E80DC150D40DC3E
S3150400083016CA41140402C0A8174901D9440080000D
S31504000840440080944400408C15018018C401800043
S3150400085015000019150E80DC150D40DC16B6411482
S315040008600402C01C174201D9174341D93A880D0026
S315040008703A880F00409C084026740110174741D956
S31504000880174181D94400408C3A88852CC4FFBF1493
S31504000890C4FFBF284400C03015018098C4018000FD
S315040008A01500C098150E80DC150D40DC168E41141B
S315040008B00402C09C174841D9040880D84400408CDF
S315040008C03A88659115008098C40180001501409905
S315040008D0150E80DC150D40DC16ED40140402C0989C
S315040008E006853F00174A81D9174581D83AC8A130F1
S315040008F00E4B3F04040480000E3404143A88271077
S315040009007400010704A126E7C401000506030000DC
S3150400091004FC3F84040240AD0E13009C040480943E
S315040009204400408C150000AF1501C0AC150E80DCE8
S31504000930150D40DC0EF67FA4174F01D93A880BB08B
S31504000940040C80D91551C1D9800A00401751C1D968
S315040009501EA33F1004FC3F84170E80DC170D40DCF9
S31504000960041940DD16ED3F9C3A8825944400408CDA
S31504000970C4018000150000AF150100AC150E80DC23
S31504000980150D40DC16614114040240AD06243F00F7
S31504000990174F01D900B703401751C1D906EF3D00DF
S315040009A0174F01D93A880BB01551C1D900FD014042
S315040009B01751C1D926EE3D10068C3F00174201D9C6
S315040009C0174341D93A880D003A880F00C09308406E
S315040009D01EF2001074008100045BA710440080948A
S315040009E04400408C150080A84400C000C401800067
S315040009F01501C0A8150E80DC150D40DC16FA42144C
S31504000A000402C0A8170580D8174701D90E5C011146
S31504000A10170D40DC174981D94400800044008094B6
S31504000A204400408C15018018C4018000150080190B
S31504000A30150E80DC150D40DC161043140402C01894
S31504000A40174781D8C4FF3F140E2B3F0404048000CB
S31504000A500EA20214170D40DC3A8827107400010711
S31504000A6004A126E7C4010005060300000402C01819
S31504000A7004FC3F840E9C029C040480944400408C35
S31504000A801500001F1501C01C150E80DC150D40DC79
S31504000A900EF67FA4174F01D93A880BB0040C80D9FF
S31504000AA0800A00401E4E3F10170E80DC170D40DCF6
S31504000AB00419C0D806EE3F000B2C80D8C4FFFF00F3
S31504000AC0154BC1D80C1080101ECC3D1006CE3D002F
S31504000AD0174F01D93A880BB0040C80D9800A00401C
S31504000AE01E3F3F10170E80DC062E3F00174C41D9DF
S31504000AF014044029154C41D9174C81D90C0880306F
S31504000B001E4F0110174CC1D80C0480181EEA02109F
S31504000B10174C01D90C10802026E702100F008038EC
S31504000B200401C0391540C1D9FAD723103A882110D7
S31504000B30167203884400000116040098174CC1D8A5
S31504000B40C4DFBF003A708618154CC1D83AB0448445
S31504000B501E2602101E250298CC3F8020269B0210DA
S31504000B600419C0D8040F00DD1541C1D81741C1D8F6
S31504000B701545C1DC3AC8C5A0040AC0110E01C099C6
S31504000B801545C1D91546C1DC070480D8264C3E104C
S31504000B90174581D844008010154581D806483E0083
S31504000BA0174C81D914048031154C81D9174CC1D8FE
S31504000BB00C0880181E270110174C41D90C048028F4
S31504000BC01EB60210174C81D90C10803026B30210C1
S31504000BD00B00003C3A8809000401C0393A88230016
S31504000BE01540C1D9050400D806D33F00174C01D9D6
S31504000BF014040021154C01D9174C41D90C0880283E
S31504000C001E080110174CC1D80C0480181EB002101F
S31504000C10174C01D90C10802026AD02100B00003CA5
S31504000C20440000010401C0393A8823001540C1D9A3
S31504000C30050400D806C03F00174F01D93A880BB007
S31504000C40040C80D9800A00401EE53E10170E80DC95
S31504000C500419C0D8174C81D94C0080303A000510CD
S31504000C601EA53E1044008000170D40DC15018018B7
S31504000C70174981D8440080944400408C150080189C
S31504000C80C4018000150E80DC150D40DC0E1E4214D6
S31504000C90174F01D93A880BB0040C80D9800A00405A
S31504000CA01ECF3E10170E80DC0419C0D806923E00F3
S31504000CB0174F01D93A880BB0040C80D9800A00403A
S31504000CC026C03E1006C63E00174F01D93A880BB01F
S31504000CD0040C80D91551C1D9800A00401751C1D9D5
S31504000CE01EBF3E10170E80DC170D40DC041940DDD4
S31504000CF006743E00174F01D93A880BB0040C80D90C
S31504000D001551C1D9800A00401751C1D91EB43E10ED
S31504000D10041940DD066D3D00174F01D93A880BB022
S31504000D20040C80D91551C1D9800A00401751C1D984
S31504000D301EAB3E10170E80DC170D40DC041940DD97
S31504000D4006343E00174F01D93A880BB0040C80D9FB
S31504000D501551C1D9800A00401751C1D91EA03E10B1
S31504000D60170E80DC170D40DC041940DD061C3E001E
S31504000D70174F01D93A880BB0040C80D91551C1D943
S31504000D80800A00401751C1D91E953E10170E80DC0B
S31504000D90170D40DC041940DD06043E00170500D992
S31504000DA00E520201174781D9167A8021174181D83C
S31504000DB03A88A5914400408C150080A8C40180009F
S31504000DC0150180A9150E80DC150D40DC16F64214BB
S31504000DD00402C0A8174741D93AC861210E9D3F04B1
S31504000DE0040480000E130214170D40DC3A88271001
S31504000DF07400010704A126E7C401000506030000E8
S31504000E000402C01804FC3F840E0D029C0404809462
S31504000E104400408C1500001F1501C01C150E80DC13
S31504000E20150D40DC0EF67FA4174F01D93A880BB096
S31504000E30040C80D9800A00401E693E10170E80DC1F
S31504000E40170D40DC0419C0D806EE3F00174781D8B9
S31504000E50C4FF3F140E973E04040480000E180014C9
S31504000E603A8829107400010704A126E7C401400545
S31504000E70060300000402C09C04FC3F840E1200A476
S31504000E80040480944400408C1500009F1501009DC5
S31504000E90150E80DC150D40DC0EF67FAC174F01D91C
S31504000EA03A880BB0040C80D9800A00401E4C3E10D0
S31504000EB0170E80DC170D40DC0419C0DC06EE3F007B
S31504000EC07400010704A126E73A8825944400408C5F
S31504000ED0C40180001500009F1501009C150E80DCDE
S31504000EE0150D40DC0E727E14174F01D93A880BB0EB
S31504000EF0040C80D9800A00401E393E10170E80DC8F
S31504000F00170D40DC0419C0DC066A3E00174F01D9F0
S31504000F103A880BB0040C80D91551C1D9800A004017
S31504000F201751C1D91E2E3E10170E80DC170D40DC5A
S31504000F30041940DD06BA3D00174F01D93A880BB0B3
S31504000F40040C80D9800A00401E253E10170E80DC52
S31504000F50170D40DC0419C0DC06423E00174F01D9C8
S31504000F603A880BB0040C80D9800A00401E1C3E103F
S31504000F70170E80DC170D40DC0419C0D8062E3E007F
S31504000F80174C41D94C0080283A0005101EDA3D1052
S31504000F90069F3E001741C1D83A8825914400408CEB
S31504000FA0C40180001500C0A8150100A9150E80DC37
S31504000FB0150D40DC166642140402C0A8174941D92F
S31504000FC044008000440080944400408C150180183D
S31504000FD0C401800015004019150E80DC150D40DC97
S31504000FE03A8821201650421404024019174781D921
S31504000FF04400408C150D40DC3AC80731174101D92D
S315040010003A88E5901501C0283A880581150080289C
S31504001010C4018000150E80DC161D7F140402C0284E
S3150400102006B53D001700003C1701403C0402803918
S3150400103044000001154081D9050400D806BE3E00CF
S315040010401700003C1701403C04028038154081D843
S3150400105006B73E001700003C1701403C0402003965
S31504001060154001D93A880900050400D806B23E00A5
S315040010701700C0380401C039154AC1D80ED100186A
S315040010803AC8C700154AC1D8174C01D90700C0B8D9
S3150400109014010021154C01D906983C00174C81D93E
S315040010A00C08803026F00110174B01D91700803840
S315040010B00401C0391540C1D9FAD707201740C1D950
S315040010C0150000111501C01006693C000700C0B8E0
S315040010D0041B8000264F8218174C41D9140440295A
S315040010E0154C41D906853C00174C81D90700C0B878
S315040010F014088031154C81D906803C00174C81D8E0
S315040011001700003C041EC00094008010154C81D8C2
S315040011100401C0397400410104446729040C8000A9
S315040011203A882300840000011540C1D9154DC1D861
S31504001130154441D9450480D88504C0D8050400D88F
S31504001140067D3E00174C81D80700C0B814108010E5
S31504001150154C81D806693C00174C41D90C028028ED
S3150400116026DF01101700803904028038154081D823
S31504001170154281D91701C0391543C1D9174201D97E
S31504001180174341D900AA064026170210174201D96F
S31504001190174341D93A880D003A880F00C0B5084074
S315040011A016CA0210174D41D9C4118000160A4211FD
S315040011B0740081010449A731154181D9174C01D91D
S315040011C0C400C000C4DFBF003A7088203A880F18F4
S315040011D01545C1D8154C01D9154601D8066A3E00F5
S315040011E0170080384400C0000401C0391540C1D935
S315040011F0040F00D93A880F181545C1D8154101D9ED
S31504001200050F80D8050400D806AC3C0074004101E3
S31504001210044F6729154441D9174C81D90C088030ED
S3150400122026F900101700003C1701403C04028038E0
S31504001230154081D8174C41D94C0080283A00051036
S315040012401EB300103AB0448426B10010174D81D95C
S3150400125094004029040C800084000001154C41D9F7
S31504001260450480D8850480D9050400D806323E009A
S31504001270740081010444A731154481D906E63F0070
S31504001280C40A8000050480D80700C0B8061B3C00C9
S31504001290174C81D80700C0B854008010154C81D86B
S315040012A006163C00070480D81E4600100408800079
S315040012B0050480D80700C0B806103C00174C81D935
S315040012C00700C0B814028031154C81D9060B3C00C6
S315040012D03A88070044020001A40280180700C0B837
S315040012E0174D81D94400C0BD154DC1D8174D41D9FC
S315040012F03A88853004F4FF1004F4BF282EF6BF2084
S31504001300154AC1D806FF3B00174C41D90700C0B89F
S3150400131014204029154C41D906F83B000700C0B8F3
S31504001320840A80004400C0BD26158318154DC1D813
S3150400133004F4BF184402C000367882183A880D00B7
S31504001340A4028030070080B9174D41D94400C0BDBE
S31504001350154D81D9174D01D93A88451104F4BF11A9
S3150400136004F4BF202EF6BF183A8827300EE53B302A
S31504001370C4FFFF0406E33B00050400D817008039C8
S315040013800401C0391540C1D9154181D926C9013096
S31504001390160E0098174101D93A880B003A880D9821
S315040013A0C01B0540265902101741C1D83AC8CF10B0
S315040013B0169EC1991545C1D916090038154601D896
S315040013C006F13D000700C0B806CC3B00174101D921
S315040013D080D80640154581D83A880F100EF73F107D
S315040013E0154501D8154601D806E73D00CC3FC02077
S315040013F044008000262D8018360E80188400800054
S3150400140026FA8018740001010454272180D8064066
S315040014103A880F101545C1DC0E018098154581D810
S31504001420740081000454A7101546C1DC154181D807
S3150400143006D53D00041940D9040F00DD154141D9F4
S315040014407A970A88174181D9FAD00480FAD0068897
S31504001450CC0100813AB08428C4FFBF31040C0021BA
S31504001460154181D93AB0CA10050000313A882110D5
S315040014703A8823181EF23F28174CC1D84C0080180E
S315040014803A0005101EB93D10CC3F80201C20801068
S3150400149004E0BF10040CC00026B4FD10C4FFBF3125
S315040014A0154181D90500C03006B03D00680080882A
S315040014B01E2C00101E0200884402800036290014E7
S315040014C0C41800D9040F00DD154101D9174101D90B
S315040014D0040C80800500802006A43D00170D40DC26
S315040014E07400010704A126E73A8825944400408C39
S315040014F0C40180001500001F1501001C150E80DCB8
S31504001500150D40DC16E27D140402C018067A3C0070
S3150400151084000001050400D806873D00174C81D9D4
S315040015203A70C4303A00051026B93C10174101D967
S31504001530440080944400408CC4018000150000A936
S315040015401501C0A8150E80DC150D40DC16667E1448
S315040015500402C0AC06D73C007400010704A126E7C8
S31504001560064F3C00040F00DD041980DC3A8809802C
S315040015703A880B88840280013A880F00C0860740A7
S31504001580040C0012C4FFBF943A8809803A880B8879
S31504001590840280013A880F00050000920029074062
S315040015A03A8809103A882110680080183A88231866
S315040015B01EEE3F101E0200184402800036EB3F1157
S315040015C0C4FFBF94154181DC06C03F00174C01D906
S315040015D04C0080201E9A0010041940D9040F00DD27
S315040015E0154141D906613D00174F01D93A880BB020
S315040015F0040C80D9800A00401E793C10170E80DC4A
S315040016000419C0D806FF3C00174CC1D80C04801836
S315040016101E710010174C01D90C108020266E001084
S315040016200B00003C3A8823000401C0391540C1D997
S3150400163006003F00170D40DC7400010704A126E7ED
S315040016403A8825944400408CC40180001500001F8C
S315040016501501001C150E80DC150D40DC16767D1474
S315040016600402C018067B3D00170E80DC170D40DC13
S315040016707400010704A526E706C03B00174F01D9ED
S315040016803A880BB0040C80D9800A00401E543C10E2
S31504001690170E80DC0419C0D806E93C001700003C8C
S315040016A03A8809000401C0393A8823001540C1D993
S315040016B0050400D806203D00170080380401C0390F
S315040016C01540C1D9FAD723103A88211006183D00CF
S315040016D01700003C440000010401C0393A88230085
S315040016E01540C1D9050400D806133D0074008100D5
S315040016F0045BA710440080944400408C150080A825
S315040017004400C000C40180001501C0A8150E80DC89
S31504001710150D40DC16CA40140402C0A81E0600209B
S31504001720174741D91E040028174C81D94C00803034
S315040017303A0005101EF03B1044008000170D40DCF3
S3150400174015018018174981D8440080944400408CC0
S3150400175015008018C4018000150E80DC150D40DCD0
S3150400176016CA40140402C0183AC821010E500004D7
S31504001770040480000E8000143A88271074000107C0
S3150400178004A126E7C4010005060300000402C018EC
S3150400179004FC3F840E7A009C040480944400408C2C
S315040017A01500001F1501C01C150E80DC150D40DC4C
S315040017B00EF67FA4174F01D93A880BB0040C80D9D2
S315040017C0800A00401E063C10170E80DC170D40DC14
S315040017D00419C0D806EE3F001700003C3A882300DF
S315040017E00401C0391540C1D906923E00041940D9F6
S315040017F0040F00DD154141D9174481D93A970A8867
S315040018003AD10480CC0300813A8809313AB084285D
S3150400181003004021174101D93AD106883A8821109C
S31504001820C4FF3F21154101D9174181D93AB0C810E7
S315040018303A882318050040311EEF3F2006CB3C00B2
S31504001840040C8000C41880D9040F00DDC51880D8A4
S31504001850154181D906C53C00170D40DC740001070B
S3150400186004A526E706C73B00174C41D90C0480287B
S31504001870267C0010170080380401C0391540C1D9F0
S31504001880174B81D91740C1D91500801106783A0043
S31504001890174F01D93A880BB0040C80D9800A00404E
S315040018A01ECF3B10170E80DC170D40DC0419C0D880
S315040018B0174701D9174141D94400408C3A882591EC
S315040018C0C40180001500401915010019150E80DCAD
S315040018D0150D40DC16EE7C140402C01806863B0087
S315040018E01700C03804020039154001D91542C1D881
S315040018F01701C0391543C1D906203E003A880500B0
S315040019003AC809143A8005113AC84B043AC88528DE
S315040019103A8821203A88231044000001440B8000B1
S31504001920050480D806843C00174F01D93A880BB0C9
S31504001930040C80D9800A00401EA93B10170E80DCD7
S31504001940170D40DC170500D9041940D906A73D0038
S31504001950174F01D93A880BB0040C80D9800A00408D
S315040019601E9F3B10170E80DC170D40DC170500D9AF
S315040019700419C0D806913D007400010704A126E7A6
S315040019803A8825944400408CC40180001500001F49
S315040019901501001C150E80DC150D40DC16BC7F14E9
S315040019A00402C01806C23F00174F01D93A880BB08B
S315040019B0040C80D9800A00401E893B10170E80DC77
S315040019C0170500D90419C0D806023D0074000107A2
S315040019D004A126E706E43B0074008100044AA7102C
S315040019E0154181D806F53D00174201D9174341D95F
S315040019F000AE064026390010174D41D9C4118000A7
S31504001A0016CE401174008101044BA731154181D9CA
S31504001A1006EA3D00174C01D94400C0BD0700C0B812
S31504001A2014080021154C01D906343A001545C1DCC9
S31504001A30161001983A880F98154601D806523C00AC
S31504001A40174F01D93A880BB0040C80D9800A00409C
S31504001A501E633B10170E80DC170500D90419C0D885
S31504001A60062E3F00174CC1D80C10801826A0001073
S31504001A70170080380401C0391540C1D9174B01D964
S31504001A801740C1D90D00001106F93900174F01D9C5
S31504001A903A880BB0040C80D9800A00401E503B10D3
S31504001AA0170E80DC170D40DC170500D90419C0D8C1
S31504001AB0062D3F0084018000369AC0141545C1DC0A
S31504001AC00E010098154501D874008100044DA71035
S31504001AD03A880F98154181D806783A00C4FFBF00AA
S31504001AE026E28098174D41D9C419800026DC802847
S31504001AF0C411800026DA8028174C41D9174301D92E
S31504001B00174281D914404029154C41D916CC0020DE
S31504001B103A8821303A8823203A883900174D41D92A
S31504001B208419800026B780288411800026B5802871
S31504001B304419800026C880284411800026C68028BF
S31504001B403A882998174F01D9040580D83A880D8810
S31504001B50150180D80406C0D8040780D83A880B80BB
S31504001B608400C0011502C0D8150380D8150000DD15
S31504001B7040320240174D81D9154181D8C4198000DD
S31504001B8026958030174DC1D8C4118000269280183E
S31504001B90174141D9174D81D9841980003A88252DDA
S31504001BA02686803084118000268480303A880D0091
S31504001BB03A880F003A880B883A880980C09308400F
S31504001BC01E7500103A880590150780DC174101D967
S31504001BD0174D41D9C419C0003AC825112668C02832
S31504001BE0C411800026668028170500D9174DC1D870
S31504001BF0441980001655C010C4FF3F21150500D9AD
S31504001C000508C0D83A88212016C10020C40A8000DD
S31504001C10450880D8440280000EAF00143A88271085
S31504001C20840B40DC3A880980840240014002094062
S31504001C30040C8010C4FF7F8C3A880980840240011A
S31504001C400500808840FC08403A88211016F5BF98A4
S31504001C50040CC010C40980D8C4018010C4FF7F8955
S31504001C60C5FFFF882EA780283A880910040880D962
S31504001C708408C0D803008028440040290500801841
S31504001C804400C01836FB3F293AC88719440080002F
S31504001C901548C1D83A88CF900E9680144400C039AE
S31504001CA01545C1D916340038CC3F80E01C2080107D
S31504001CB004E0BF10264E0010440B8000154781DC5B
S31504001CC0154601D8050480D806B13B00440B8000B4
S31504001CD0050480D806333D00174F01D93A880BB066
S31504001CE0040C80D9800A00401EBD3A1006BB3A0097
S31504001CF0170080380401C0391540C1D9174B41D9A2
S31504001D001740C1D915004011065939003A880F9871
S31504001D101545C1DC154601D8069B3B003A882700C9
S31504001D20067839007400C100044DE7183A880F108C
S31504001D30154581D81541C1D806E0390074008100E3
S31504001D40044CA710154181D8061C3D00174D41D9F6
S31504001D5084198000264980283A880F201657802443
S31504001D60174C41D94C008028260100104400C0219C
S31504001D701545C1D90ECC3F38154501D806CA3F00D2
S31504001D80170500D904FFBF000E4800111647009935
S31504001D90154DC1D806F03F00170780D82E8BBF1407
S31504001DA03A880790040C00010500001144008010D5
S31504001DB0150780D81EFCBF1806843F00174181D83A
S31504001DC00700C010040C8000265B8018170500D994
S31504001DD03A88259106753F00174C01D94C0080209E
S31504001DE03A000510266A3F10170780D806773F0089
S31504001DF01545C1D9164D0038154781DC154601D85D
S31504001E0006613B00174F01D9040580D8150180D817
S31504001E100406C0D8040780D83A880B803A880D880F
S31504001E20C400C0011502C0D8150380D81500C0DC53
S31504001E303A88299840320240154181D806513F001C
S31504001E401742C1D8174301D9440B00073A88211811
S31504001E503C00602406313F004400009D06393F00E3
S31504001E601E253F984400C00406233F008401C00495
S31504001E7006213F00154501D806EE3E003A880F209C
S31504001E800E3700011E030098174C81D94C00803090
S31504001E9026B73F10440080203A88A7981545C1DC30
S31504001EA03A880F980E803F9806B33F00174D81D9A4
S31504001EB084FFBF31154D81D9064C3F000E18000131
S31504001EC0440080003A888514154581D83A880F1055
S31504001ED00E753F1006A83F00040CC080040C800059
S31504001EE0C508C0D8040880D90409C0D8850880D894
S31504001EF006653F00174C01D93A708420269C3F1092
S31504001F0006663F00040880D98408C0D8065E3F00F0
S31504001F10440B80003AC82101450880D8063D3F009D
S31504001F20840080003AC8051106E63F00154501D82D
S31504001F30154781DC06B13F003A880D003A880F0048
S31504001F403A8809803A880B88409C0840269F3F10AF
S31504001F50440080003AC80915150500D9069B3F00C0
S31504001F601E0D0098174CC1D84C0080181E0A00108C
S31504001F70440000013A880F20154501D9064A3F005E
S31504001F801700C03C0401C0390E0E3D980700C0B8C6
S31504001F90C4FFFF0406D938008400C09C1545C1DC83
S31504001FA03A880F980E403F9806733F0074008100EC
S31504001FB0046AA9103A881320170000113A880528E4
S31504001FC03A880F303A880B483A880D1001100040C1
S31504001FD074008100046AA9101700C01004FDFFDE16
S31504001FE0150140DC150000DC1502C0DF3A88232009
S31504001FF03A88212826020018170E8018261F00107A
S315040020000B0300810C02802026280010170440814F
S31504002010261D00284C0080203A000510260B0010CF
S315040020208C008020261200103A8805001502808054
S31504002030260B00283A8805001702C0DF170140DC8A
S31504002040170000DC0403C0DE3A2800F81705808078
S31504002050150200803AC88500150680801EF53F28C3
S315040020600C20802026F33F10C4FFBF0006F23F0079
S31504002070170580801502808006ED3F003A8809180E
S3150400208000B7034006DE3F000CA0C0200480800099
S3150400209026E0BF183A8809883A880B80808E044067
S315040020A00B0300811704408106DA3F000C048020EC
S315040020B026ED3F100C01802026120010170C4081DB
S315040020C02605002804108080260280283A8809887C
S315040020D040EF0340150C00800B03808017044081F9
S315040020E015010080CCF6BF100D03808015004081D9
S315040020F00B03808014028010CCFF3F110D038080F7
S3150400210006C33F001704408106F93F001704C028A0
S315040021101704802004F6FFDE1507C0DD150540DD33
S315040021201509C0DF150800DF150680DD150400DD7E
S315040021301503C0DC150280DC150140DC150000DC4B
S315040021403A882F203A882B281674C010C4FF7F1CA7
S315040021503A88458C3A8885100405002C0405C02469
S315040021603A88ED143A88A580170000B71700409105
S315040021703A8809E044004029400809403A88291071
S315040021801E3C00103A880BA83A8809B840610540FD
S31504002190162B0010440000A53A880F983A881100BF
S315040021A03A880900170040811700C03804010084EA
S315040021B0CCFFBF283A888520CCFFBF11CCFF3F193E
S315040021C03AD404103AD40A283AC889213A8809220A
S315040021D03AD406183A888B283AD40D20CCFFBF2867
S315040021E03AC887183A8887190D0000398D00C03817
S315040021F03AD408280401C0393AD411182EE93F9478
S315040022003A88458C3A8885103A8885981700C01014
S315040022101E0B001804FF3F112E08009917FFBF106C
S315040022202603001006050000170080201E03001078
S3150400223004FF3F21C4FF7F8C36FB3F99150440BC45
S315040022403A8805A01709C0DF170800DF1707C0DDA5
S31504002250170680DD170540DD170400DD1703C0DC13
S31504002260170280DC170140DC170000DC040AC0DE1C
S315040022703A2800F83A880F983A8811803A88130069
S315040022803A880D001700C0401700003904010042C7
S31504002290CCFFBF183A3885A03AD40618CCFF7F2164
S315040022A03A888530CCFFBF113A38C7A03AD4041017
S315040022B03AC88B293A884B2A3AD408203A88871890
S315040022C03AD40D28CCFFBF183AC889203A88892108
S315040022D08D0000390D0040393AD40C180401C03978
S315040022E03AD413202EE73F921EA63FE004FFFFB028
S315040022F02E08C09817FFBFB026030010060500007D
S31504002300170080181E03001004FFFF18C4FF7F8CFB
S3150400231036FBFF98150440BC069A3F003A88050030
S3150400232006C83F001710002204DAFFDE152140DD3F
S31504002330152000DD151E80DC151D40DC1525C0DFCB
S31504002340152400DF1523C0DD152280DD151FC0DC32
S31504002350151C00DC151600D93A8823303A8829283A
S315040023601517C0D9172880DC3A882B30260A004076
S31504002370171180203A880B40150180401711C020A0
S31504002380440080003A98C41015028040804B0540F2
S315040023901716C0D81510001816A30088150000904B
S315040023A02CFCDFA834FC9F00269180183A880D0087
S315040023B03A880F003A8809A03A880BA8151200DD5E
S315040023C0151340DD409C08401E170010172780D9BE
S315040023D04400800015008030172980D8269B0210FF
S315040023E0172900D974008100445BA710C4FFFF10AD
S315040023F0150080203A8805181725C0DF172400DF4A
S315040024001723C0DD172280DD172140DD172000DDEC
S31504002410171FC0DC171E80DC171D40DC171C00DCF0
S315040024200426C0DE3A2800F8171600D9171240D938
S31504002430040180D83A880DA80402C0D9150080D8B2
S3150400244040AF0540150780D83AD504A8CCFF011142
S31504002450268600201712C0D834048000C4FFBF109B
S315040024601701C0DD3A7084A83A88111834FC4F125B
S315040024704400BF25150800D83A88050034FECF006D
S315040024803A880B483A8809403A880F183A880D105A
S31504002490C0220840F4DB180244D81042F4F44F0278
S315040024A0C4E9614A3A880F483A880D403A880B18BD
S315040024B03A8809100032084074D82202C42C3242E9
S315040024C0F4F14F02048A624A3A880F483A880D406A
S315040024D03A880B183A880910C02A08403A8809B085
S315040024E03A8821103A88231840BE0840F42714027B
S315040024F0C47E1E42F4F44F02C404514A3A880F487B
S315040025003A880D403A880B183A8809100032084078
S315040025103A880F183A880B883A880D103A88098049
S31504002520C02A08403A8809103A880B183A882110BC
S315040025303A882318C0CD08403A880D003A880F001F
S315040025403A8809803A880B88150D80D8C0B50840AA
S3150400255016170310170DC0D8840580002E48C11025
S3150400256044000001150C00D93AC885BDC4FFBF114B
S31504002570160B0330150A80D9151100D8170DC0D8CB
S3150400258016FF0218170A00D91509C0D8151000D865
S315040025903A88C920150A00D9171700D944028000C1
S315040025A0364600114401800016040211440040041A
S315040025B01717C0D84401800036EDC1103A88C518F3
S315040025C03A8885103400C1000476C9183A88C510C3
S315040025D0170000113A680020C4260004C42600042B
S315040025E0C43000049C300004E0300004EC300004E5
S315040025F0172700D9C4C3890015008020261000A01F
S315040026007400C100045FE718172980D926793F3082
S31504002610C7008018C40000191E100010172980D89E
S315040026201500001106733F003400A000C4FFBF105C
S315040026304400C0003A70AA881500C09006583F00AE
S3150400264034048000C4FFBF103A7084A81EEC3F1007
S315040026507400C100045CE71806EB3F00172980D814
S31504002660040200191500001106623F001701C0DDBF
S31504002670170280D804080001840CC1B83A88A3184C
S315040026800EB841240410C0003AC8471C04F8BF8899
S315040026903A98C6A83AD884A03AB0881840DB0840CD
S315040026A03A8811103484BF00440000013A88D310DC
S315040026B044F3BE8D150800D9066F3F00151700D8E0
S315040026C044004004C4FFBF004400C000150E80D877
S315040026D0152600D8150F80D8150BC0D83A882110B6
S315040026E0171680D815110010171680D81711401127
S315040026F03A88091080A305401716C0D8150580D856
S315040027001510801884038000366800143A00058882
S315040027101E660010170D00D90E300201CC0380206E
S31504002720FA9004103AD125207400C10004B5E618C5
S315040027303A88C5100C04C090170000141701401401
S315040027401E6A031884008005261000907400C104D4
S3150400275004E7E69C4C0080903A0005101E08001021
S31504002760170080991701C0993A880B883A8809801E
S31504002770003208403A882110440080B53A8823186C
S315040027807AD025900402C09C1EF23F903A880BA88A
S315040027903A8809A03A880F883A880D80406E084026
S315040027A03A8829103A882B18170CC0D83A0005180D
S315040027B01E0800103A88050034FCCF003A880F182A
S315040027C03A8809A03A880BA83A880D10C0B5084083
S315040027D016FE03103A8809B040BE08403A880B1822
S315040027E03A8809103A880DA03A880FA800320840A2
S315040027F03A881100340750023A8809103A880B18AF
S315040028003A880F483A880D40C02A0840170F00D965
S315040028103A882D103430BF003A88B9183A882FE028
S315040028201E8F02203A8805003405D0003A8809A094
S315040028303A880BA83A880F183A880D10C022084027
S315040028403A8809103A880FE03A880B183A880DB08E
S315040028503A8825103A882718C0A40840164F8300E2
S315040028603C00E0E03A8809903A880B983A880F18B9
S315040028703A880DB0C0B508400E0800103A88270003
S315040028803A882500172680D8170500DF150600D8D4
S315040028903A308400150D80D8069B0100171280D9A2
S315040028A0171380D83A8829303A882B101702C0D8D3
S315040028B016850018170D00D98403800016820011AE
S315040028C0FA900420172680D97400C10004B5E618CE
S315040028D03A88C510170080141701C014161E033059
S315040028E0170500D9170FC0D83A8823A83A8821A01B
S315040028F03A882B193A883920060F00003A880500D1
S315040029003409D0003A8809503A880B583A880F1887
S315040029103A880D10003208403A880B183A880D00A0
S315040029203A880F003A8809103A8821103A88231801
S31504002930409C0840264500103A880D903A880F9826
S315040029403A8809803A880B88406E08403A880B1802
S315040029503A880910C0CD08403A8809103A882910E7
S3150400296040BE08403A880F183A8809903A880B986E
S315040029703A880D10003208403A880F183A880B88B6
S315040029803A8809803A880D10C02208403A88151002
S31504002990040C80A0050080E0440000E73A8817187C
S315040029A01ED67FE53A880D503A880F183A880950A2
S315040029B03A880B18C02A08403A880D103A880990BC
S315040029C03A880B983A880F183A8821103A882318BF
S315040029D0C0B50840160800103A880B983A880D804E
S315040029E03A880F883A880990C09308401E17001049
S315040029F04C0080A026150010170D80D8150480D829
S31504002A003A8809E0C4FF3F210700C020440E800035
S31504002A101E088018170580D81EFA3F111704C0D85F
S31504002A20170580D9040C80004400C0181504C0D8CA
S31504002A3005008030030080201704C0D84400002716
S31504002A4044008010150DC0D805008020171600D943
S31504002A50170740D9804B0540050000E0170D80D9C3
S31504002A601727C0D8172900D94400803015008018CC
S31504002A70269C02201705C0D815000027065D3E00D7
S31504002A80170D80D97400C10004B5E618171200D9D1
S31504002A90FA900430171340D93A88C510170000126B
S31504002AA0170140123A880D403A880F48C0B50840CD
S31504002AB00E030010170D80D8C4FFBF10150D80D863
S31504002AC0150C00D806A83E00170B00D93AC02C20D6
S31504002AD01EC700B0171100DC171080DC3A882700E7
S31504002AE00E0B0004170AC0D80E09C0003A880580E8
S31504002AF01613011C170A00D9171180D93AC8A180E8
S31504002B003AC889203AC88D30150A00D9151180D9DA
S31504002B10171080D80E158000170BC0D83A00051878
S31504002B201EC901100E0E8004171600D93A880B9898
S31504002B303A880D90C0260640171600D9170780D983
S31504002B403A880B103A88271080F40540171600D9E6
S31504002B50170740D93A882310804B0540150740DCF7
S31504002B60171000D93AC88D241E0E0130171600D945
S31504002B70440040043A880B8800130640170980D99C
S31504002B803A8825100E048001171600D93A880B10CE
S31504002B90C02606403A882510171780D80EF3808879
S31504002BA03A882300170980D91E9E01304400C000CC
S31504002BB0170A00D93A88C520CC07C0101E8400180D
S31504002BC004078000170A00D9171180D93A88A18012
S31504002BD03A8889203A888D30150A00D9151180D98A
S31504002BE0171180D80E058000170740D9171600D98B
S31504002BF03A880D10C0DF0540150780D8170AC0D8DB
S31504002C000E05C000171600D93A880B903A880D189D
S31504002C10C0DF05403A882510170C00D93A00052074
S31504002C20266F0110170F00D90E170201170B80D952
S31504002C303A0005301E8800100E050004171600D948
S31504002C403A880B983A880D80C0DF05403A882710E9
S31504002C503AC004881E5402103A880B98170580DD82
S31504002C601506C0DC4C0000A73A882728170700D9A8
S31504002C703A880B90C0100240170700D9170640D9AE
S31504002C803A882310040CC08D40610540171600D9FC
S31504002C903A880B903A880D983A88291000C705405F
S31504002CA03A882B10170380101E280110170700D925
S31504002CB03A880BA840610540171600D93A882110B6
S31504002CC03A880BA8804B05401E040080171780D84D
S31504002CD01E0200103AC004E026170110160601A0D1
S31504002CE01E0400A01717C0D81E0200183AC004E03C
S31504002CF026010110163D02040500C0B5170580D94A
S31504002D00170F00D9440080B53A880531266580B08E
S31504002D10170740D9171600D9840280013A880F0094
S31504002D20C0160640150780D8170680D8260CC1148D
S31504002D30170640D9171600D9840280013A880F0075
S31504002D40C0160640171600D93A880B9884028001EB
S31504002D503A880F00150680D8C01606403A88271010
S31504002D6006C23F003AC845243A9888A0064B3E005E
S31504002D70C4FFBF0144008000150E80D9150F80D909
S31504002D80150B80D81716C0D8C40580001511001875
S31504002D902E0880150401C0003A8809003A88C7182D
S31504002DA004058018440000212EFCBFB0171680D9F4
S31504002DB015110031170F00DC064B3E00171780D99A
S31504002DC03A88230004FFBF31151780D906F83D0061
S31504002DD0040880003AC8C9100401C000165A001934
S31504002DE0C4008000167E3F110407802006753F004C
S31504002DF0171780D9440080000EA18011170F80D9BF
S31504002E001710C0D8C4FFBF3016C681183AC8A51813
S31504002E10170F80D816620210171100DC3A880710C3
S31504002E20170A80D9171180D8171600D93A88CD30D9
S31504002E303A88C51044004001150A80D9151180D876
S31504002E40001306403A88271006253F007400C10087
S31504002E50045BE71806673D00170580DD440000049F
S31504002E6006070000170740D9171600D98402800107
S31504002E703A880F00C0160640150780D8440000841F
S31504002E80170700D93A880B90C0100240040CC015ED
S31504002E900500C0B5170FC0D8440080B516F1FF80F1
S31504002EA0150600D8170740D9171600D94400800123
S31504002EB0C0DF05403A8809103A880B90150780D878
S31504002EC0406105400E3C80003A8809B0C4FF3F21AA
S31504002ED003004021440E8000CC3FC0281C20C018AB
S31504002EE004E0FF181E988118170580D91EF7BF2124
S31504002EF0170D80D84400003744008010150D80D883
S31504002F00440C800005008030171600D93A880B90CF
S31504002F10804B054026CD3E981706C0D826040018D7
S31504002F202603C01C171600D93A880B18804B054097
S31504002F30171600D93A880B98804B054006C33E0005
S31504002F403A88051806EB3E00170A80D91711C0D82F
S31504002F5004FFBF203A888D303A8887183A88A180C2
S31504002F60150A80D91511C0D8061D3F001E0C3FA0B6
S31504002F7034048000C4FFBF103A7084A81E083F10B2
S31504002F802CFC9FA826063F101711C0D8170A00D993
S31504002F904400C018440000211511C0D8150A00D9F0
S31504002FA006003F00170740D9171600D9C026064069
S31504002FB0150780D806ED3E001E0200104C0080B8AE
S31504002FC01EC13F10C4FFBFB50700C0B0040C80008B
S31504002FD026FCBF18440000B706CB3F00170D80D966
S31504002FE03AC88F0126F70138CC038039FA900C30A1
S31504002FF07400410104B56629171200D93A884D3187
S315040030001701C03017008030171340D93AD1213840
S315040030103A880D103A880F18003208403A88111081
S315040030203A8813183A8829103A882B1826E501801D
S31504003030840080057400410404E7668C4C0080809B
S315040030403A0005101E080010170080891701C08970
S315040030503A880B483A880940003208403A881110E9
S31504003060440080B53A8813187AD021800402408C33
S315040030701EF23F803A8829403A882B4806CA3D000A
S31504003080170800D93A0005201EF60110171100DCB6
S31504003090171080DCC40CC11806613F00150B00D85C
S315040030A0172680D9170DC0D8440080303A88AD1849
S315040030B0C4FF3FB1150E00D90EF68105150F80DD4C
S315040030C006303F00150B00D8172600D90EEB010178
S315040030D03A882D20150E00D9150F00D906293F0070
S315040030E044008001150B80D906F73F004400000117
S315040030F0150B00D906EA3F000E0C0004170740D949
S31504003100171600D944008001C0DF05403A8809102B
S315040031103A880B90150780D8406105400EE081007F
S315040031204400C0BD840E800026A281B8440000B7C6
S315040031300500C0B506743F00440E8000269D81B884
S315040031400EFA3F05440CC08D06F83F00171600D949
S315040031503A880BA844000004804B054006DF3E0075
S31504003160171600D93A880B98840280013A880F0012
S31504003170C01606403A882710150680D806BB3E00BE
S31504003180171180D9170D80D8150900D83AC88D3083
S315040031903AC88700151180D91510C0D806FE3C0020
S315040031A03AC88D01151180D9150A00D806F33C00DA
S315040031B0170D00D940BE08403A880B883A88098022
S315040031C03A880F183A880D10409C084026E13C10B6
S315040031D0170D80D9C4FFBF31150D80D906DD3C001B
S315040031E0170700D93A880B90406105400E8D3E10B2
S315040031F0170740D9171600D9840280013A880F00B0
S31504003200C0160640170D80D9150780D8C4FFBF31F4
S31504003210150D80D91EA701B0170E80D8150F80D8BA
S3150400322006803E00170480903A8885103A888510F7
S315040032303A88851417040011004E05400408C0009E
S315040032403AC88718065A3E00170740D9171080D97E
S31504003250171600D9C0260640150780D806433E0037
S31504003260170F80D9170D80D8150380D9150480D877
S31504003270170BC0D83A0005181EE20010170300D930
S315040032803A88050034F8CF00FA900C207400010146
S3150400329004B526213A880B183A880D3117FF7F3278
S315040032A017FE3F323A8809103A880F483A880D408B
S315040032B0406E08403A880B183A880DB03A880FB821
S315040032C03A880910C02208403A880BA83A8809A00F
S315040032D01519C0D8151880D8C0CD08403A880910E9
S315040032E03A88271040BE08403A880BA83A8809A0B5
S315040032F03A880F183A880D10C0220840171880D94A
S315040033003A882318151480D83A882D30170580D9A1
S31504003310040CC09C151540DC1719C0D80500C03430
S31504003320170580D8171940D9171480D93A8809B0D7
S315040033303A880F883A882F1844000017C0A408401A
S31504003340164E8000171480D93A88050034FCCF0045
S315040033503A880B183A880F883A880910C022084020
S31504003360171940D93A880F183A8809B03A880D10C7
S31504003370C0A4084016A2BD001703C0D844008000AC
S315040033801612C01006453D00171480D93A88050068
S3150400339034FCCF003A880B183A880F883A8809100B
S315040033A0C0220840171BC0D93A880B183A8809105E
S315040033B03A880DB0C0B5084016913D10170580D95E
S315040033C0170300D93A8805312634BDE03409500480
S315040033D03A8821003A880BB83A8809B03A880D80B1
S315040033E03A880F8800320840171540D9171400D9B7
S315040033F03A880F883A880D00151A80D8151BC0D84C
S31504003400003208403A880B183A8809103A8823187B
S315040034103A882110C0CD08403A8809103A882B1002
S3150400342040BE08403A880B883A8809803A880F18C3
S315040034303A880D10C02208403A882110171B00D97B
S315040034403A882318151400DC040C40AD151540DC2D
S31504003450171A80D8050040E53A882F20171BC0D9D3
S31504003460171400D93A880B883A880D103A882D101B
S31504003470440000E7C0B508400EC33F10170400D946
S31504003480150D00D906713D00171780D984008000F8
S315040034900EE6BD111EFB3C20171600D93A880B9088
S315040034A0440180013A880F00C0160640170700D968
S315040034B03A880B103A882510406105400EF1BC008D
S315040034C0170DC0D8170500D9150600D84400C01832
S315040034D0150DC0D8440C8000440000270500802048
S315040034E006893E001705C0D806C23B007400810158
S315040034F004E7A6311709C03017088030171200D91F
S31504003500171340D93A880F183A880D10406E0840B0
S31504003510CC038094C40080053A8829103A882B1875
S3150400352006893C00171000D9170980D93A88250066
S315040035303AC805113A8889203A888D30151000D981
S31504003540150980D906323E0044008028440000272D
S3150400355005008020066C3E00170F80D816E0BC00DC
S31504003560170F80D91EC53C303A8805003405D000B3
S315040035703A880B983A880F183A8809903A880D10B9
S31504003580003208403A880B183A880FA83A8809107E
S315040035903A880DA040AD08400EB83C103A88270082
S315040035A03A88250006C63F0017014099171600D928
S315040035B080A305401704809904030011040340996D
S315040035C03A888D313A888D31040280313A88231045
S315040035D0002A0540171600D93A880B884400800152
S315040035E0C0DF05403A880B10069C3D00440E80005F
S315040035F0267080B8440080B8440000B7050080B047
S3150400360006413E00170380D87400810104B5A63133
S315040036103A8809B0FA900E103A880BB83A888F396E
S3150400362017FEBF38170580D917FFFF384400003747
S315040036303A880F183A880D10003208403A880BA8C9
S315040036403A8809A03A882F183A882D10C0CD084028
S315040036503A8809103A88271040BE08403A880BA8D1
S315040036603A8809A03A880F183A880D10C0220840F3
S315040036703A880B181705C0D8040CC09C3A88091060
S315040036800500C01C3A882120170300D94400800095
S315040036903A882328262280203A8829103A88050069
S315040036A03409D0003A880F183A880D103A880B88E6
S315040036B03A880980003208403A880B183A8809107B
S315040036C03A8823183A882110C0CD08403A88091050
S315040036D03A882B1040BE08403A880B883A880980FD
S315040036E03A880F183A880D10C02208403A880B18F9
S315040036F01705C0D83A880910040C40AD3A88051D50
S31504003700050040153A882120170300D9440000A576
S315040037103A8823281EE13FA13A8805E5C4FF3F17EE
S315040037203A88250034F8CF043A8809B03A880BB8A9
S315040037303A880D903A880F98C02A08403A880B18A0
S315040037403A8809103A880D803A880F88C0B508402F
S3150400375016AB3C103A8809003A880B983A880FB899
S315040037603A880DB0C02208403A880B183A880F8868
S315040037703A8809103A880D80C0A408400E47BC0058
S31504003780040CC000C4FF3FE7070080E026FDFF10DD
S31504003790170480D9440000E7150D80D906AB3C0018
S315040037A0170FC0D8171100D93AC8E1203A88070084
S315040037B0069B3D00440E8000050080B0440080B5A1
S315040037C006C13D008400800506F73B00170F00D9AB
S315040037D00E003C01170E80D90E30BC013A88050054
S315040037E03409D0003A880BA83A880F183A8809A0F9
S315040037F03A880D1000320840440000B13A8821107E
S315040038003A88231840BE08403A880B883A880980CB
S315040038103A880F183A880D10003208403A88110089
S31504003820340750023A880B183A880F483A88091028
S315040038303A880D40C02A08403A882D103430BF001B
S315040038403A88EF10170D80D8170EC0D83A88298009
S31504003850C4FFBF103A882B88150480D81503C0D836
S3150400386006833E00170180D8171100DC171080DC90
S31504003870840DC0003AC8871806693D0044008001DB
S315040038803A882130150F80D9152680D9150E80D98E
S3150400389006933B003A8821B0150F80DD06903B0065
S315040038A01E223E104C0080B83A0005101E1F3E1022
S315040038B0061B3E00171600D93A880B98840280012D
S315040038C03A880F00C0160640170EC0D83A8827104B
S315040038D0150FC0D806D33C0004FBFFDE1503C0DC7D
S315040038E0150280DC1504C0DF150140DC150000DC80
S315040038F03A8827203A88252826020020170E802099
S31504003900265600100B030091CCFFFF201C00E01884
S315040039100400E0180C0280181E2600101701C0903F
S31504003920140082200D0380903A8809100E40C000CE
S31504003930170A0092264000400C00842026530010EB
S31504003940171400940B0380900C0180101E4800107D
S31504003950170740913A8809983A880D803A880F00EB
S315040039603AE83E401E2680800B038090170400919F
S3150400397015010090CCFFBD10CCFFFF100C00C4183D
S315040039800D03809015000091262B00183A88070035
S315040039903A880518151400941704C0DF1703C0DC11
S315040039A0170280DC170140DC170000DC0405C0DECA
S315040039B03A2800F817044094261F008817008090C0
S315040039C0CC00C018150040943AC861142625001886
S315040039D03A880500150280900E1700041709C09056
S315040039E0170740913A880D883A880F803A880998D3
S315040039F03AE83E183A88A3883AC8A18016F6BF006A
S31504003A000B038090C4FFFF00141080100D038090F8
S31504003A103A8805181704C0DF1703C0DC170280DCD8
S31504003A20170140DC170000DC0405C0DE3A2800F864
S31504003A30170F809016BEBF003A8807003A8805180B
S31504003A401704C0DF1703C0DC170280DC170140DC53
S31504003A50170000DC0405C0DE3A2800F800B703406E
S31504003A6006A83F00170580901502809006DA3F00ED
S31504003A7017018090170CC0903AC8A18026B43F184D
S31504003A80170F80903AC8A18006B13F0017074091EE
S31504003A903A8809983A880D004400C0013AE83E4045
S31504003AA03A882110C4FFBF0026028080170A0092BC
S31504003AB006A43F001700C0984407800026DEBF18FE
S31504003AC00B0380903A880780141080100D038090B1
S31504003AD006CF3F003400410104364E293A880720B8
S31504003AE02605002074008100046AA910170000113D
S31504003AF03A880B18818D034074008100046BA91069
S31504003B0017000011416A04403400810004E09A1051
S31504003B10150B802034008100041B9B10150880209F
S31504003B203400C10004FCDA183400810004E29A105F
S31504003B300D0340218D0380211509C020150A80201C
S31504003B401500002015010020150200201504002090
S31504003B501505002015060020150700213A2800F84F
S31504003B603A2800F83A2800F83A2800F83A2800F8E3
S31504003B70170E802004FDFFDE150140DC150000DC75
S31504003B801502C0DF44004004040140013A880D00D8
S31504003B903A88212004BB00223A880F20260500100B
S31504003BA01702C0DF170140DC170000DC0403C0DE87
S31504003BB03A2800F8170100213400810004158F10FB
S31504003BC0C400C000150F808015B9C08015BA0082E4
S31504003BD0150E408415B8008080B00340170200819A
S31504003BE03A880D883A880F808402400180B00340E9
S31504003BF0170300813A880F80840440018400800101
S31504003C001702C0DF170140DC170000DC0403C0DE26
S31504003C1081B003403A8805003A2800F83A8805003E
S31504003C203A2800F874008100046AA91017000011EC
S31504003C303400410104074F29C17604407400810011
S31504003C40046AA910170000113400410104054F2924
S31504003C50C176044034004101042A5C29C17604403B
S31504003C6074008100046BA9101700001141C50340BC
S31504003C7004FCFFDE150140DC2417402C150280DC11
S31504003C803A88252804034089150000DC1503C0DFA3
S31504003C90C0A704403A8821003A880D883A880B0068
S31504003CA026060010040300111501801415000010E7
S31504003CB0150200113A882110004205403A88058011
S31504003CC01703C0DF170280DC170140DC170000DC95
S31504003CD00404C0DE3A2800F804FDFFDE7400810007
S31504003CE0046BA910150000DC17000014150140DC54
S31504003CF01502C0DF170E80803A882320262600107E
S31504003D0004B800841701808017020081C4FFFF10E5
S31504003D10160900180F038020260B0010C4FF7F012C
S31504003D20060200000F03802026070010C4FFFF18B8
S31504003D30041700211EFB7F19170080802619001026
S31504003D403A88211006EF3F00C4FFBF004400C000BC
S31504003D508D0380200D03C0201500002015020020CD
S31504003D601501002015040020150500201506002065
S31504003D70150C0020150D0020151100201512002029
S31504003D803A8805201702C0DF170140DC170000DC63
S31504003D900403C0DE3A2800F83A88098000B70340D5
S31504003DA006D73F003A8809880401400100C703404A
S31504003DB0150080801EE23F10040380003A88090043
S31504003DC01500808806EE3F0004FBFFDE1503C0DC09
S31504003DD07400C1040468E89C150280DC150140DC0B
S31504003DE0150000DC3A8823283A8825201504C0DF0C
S31504003DF0406F0940170280983A8809903A880B0068
S31504003E001701C01004FFBF003A70A0183AC86384B3
S31504003E10C4FB438C3AD32288C4FF8300C4FF7F8C3F
S31504003E203A9322880E06401400B106401702C09841
S31504003E303A8809903AC84B043A88C7802609C010C4
S31504003E40806F09403A8805001704C0DF1703C0DCF9
S31504003E50170280DC170140DC170000DC0405C0DE15
S31504003E603A2800F83A88099000B106403AC84D84C9
S31504003E70C4FFFF003A8809903A880B007400C10118
S31504003E800478E939540080312609C01017008038B7
S31504003E901702C0983A8809903AC845141500803824
S31504003EA015018019806F09404400800006E63F0032
S31504003EB000B10640170280993A880F103A88099093
S31504003EC03AC88711C4038000540040190EDCFF1061
S31504003ED074008100046FA9101700C01074008100DB
S31504003EE00478A910150140313AC8C7381500C01026
S31504003EF006D33F0004FDFFDE150140DC150000DC9F
S31504003F001502C0DF3A8821283A882320265A002839
S31504003F10406F094004FE3F821701404184FFBF0001
S31504003F20740081020468A8523A708E283A88CD41FA
S31504003F301701C0301702005104FFBF003A709218EF
S31504003F403A881750266700314C0080283A0005103D
S31504003F50150140321E1A00103A880B003A8847327F
S31504003F60170180184C0080101E2300103AC00A283E
S31504003F703A884F3A1E450028170200317400810022
S31504003F80046AA810267B8020170380303A88073AF3
S31504003F901500C0191502001115038020540080383D
S31504003FA015018040261A00283A8809881702C0DFBE
S31504003FB0170140DC170000DC0403C0DE816F0940F2
S31504003FC017FEBF800402C0503AC891401702004150
S31504003FD03A888F382661C020170380403A884732D2
S31504003FE03A880B001502001115038020170180186A
S31504003FF04C00801026DD3F10540080383A88073A7A
S315040040003AC00A28150180401500C0191EE63F284B
S31504004010C47F80002E1FC0117AD206381E480018AD
S31504004020FAD00438FA9006103A88CD1A17024031AD
S31504004030265940311701802804FFFF003A70C41046
S315040040402E028038170240291EFA7F311703802971
S3150400405015038041150240413A8809881503002A50
S31504004060150200321702C0DF170140DC170000DC1E
S315040040700403C0DE816F09401702C0DF170140DC6C
S31504004080170000DC0403C0DE3A2800F817020031EA
S3150400409006BD3F00FAD0063844008000170140519F
S315040040A0FA900818BAD007183A88C922170280214C
S315040040B03A98C41015030041150280413AB08A2883
S315040040C0150200223A880988150140511503003269
S315040040D01702C0DF170140DC170000DC0403C0DE52
S315040040E0816F09404C0080283A884D3A1E0700101B
S315040040F017FEBF803AC89140170300411702C0401B
S315040041003A888D301502C020150300197400810009
S31504004110046EA910170000115400C0301502005295
S315040041201501C04036A03F31740081000473A91004
S31504004130170040113A88098880DC0340069A3F003C
S31504004140040180002E07C010040580003619C01033
S31504004150C4168018FA90061006B33F0044004001C6
S31504004160067E3F00BAD10438040E8010FA90061079
S3150400417006AD3F0015030022150200223A88053ACF
S315040041805400C0381500C011150200411501C04085
S315040041901503004106843F00BAD005104400C00050
S315040041A0170100513A9886183AB0C82015010051F3
S315040041B006A73F00041580003604C0103AD304381D
S315040041C0841B8010FA90061006973F000455800061
S315040041D03604C010FAD30438C41D8010FA900610B1
S315040041E006913F00045581002E03C010841F8000F1
S315040041F004FCC000068C3F00BAD40438041F8010A7
S31504004200FA90061006883F001702803004F5FFDE98
S31504004210150900DF150780DD150380DC150AC0DFEC
S315040042201508C0DD150640DD150500DD1504C0DCE6
S31504004230150240DC150100DC3A882D303A88392015
S315040042403A882528261C00100B03C0290C02803846
S315040042502627001017048028262500108C00803895
S31504004260170040B5262800103A8821003A88230012
S315040042703A880D883A8809E004008100266E008099
S315040042803A880F80170740912E0100143A880F10C0
S315040042901709C0903AE83E183A8807103AC8A18030
S315040042A03A88A3880E6D8000170280B03AC8C510FC
S315040042B0150280B01EEE3F103A8809003A880520A0
S315040042C0170AC0DF170900DF1708C0DD170780DDEE
S315040042D0170640DD170500DD1704C0DC170380DC74
S315040042E0170240DC170100DC040BC0DE3A2800F894
S315040042F000FD01401EE400100B03C091170040B5F9
S315040043008C0080381ED83F104C0080383A000510C7
S31504004310265700103A8829003A882F00264200A022
S315040043200C80803817020094268B00103A880D8082
S3150400433036A500A40C208138262700101705809086
S3150400434017040092170040913A8887103A88871814
S31504004350FAD708183AC8212A440080803A88C92026
S315040043607AD027203A8885A03A880D982E0280981C
S315040043703A8827103A880D100C00813826B80010A8
S315040043803A880B303A8809E0C0A704402631001069
S31504004390170440913A8809103A880D803A88231008
S315040043A0002A05400B03C090C4FFBE003A7086186D
S315040043B01420C0180D03C0903AC8079C3A88058C8F
S315040043C03A880DA03A8821A0150080901502C09065
S315040043D0150440941505C094170000913A880BB84B
S315040043E03A8823A0003405401702C0901700809035
S315040043F03A8827A03AC8071C3A8805141502C090C3
S315040044003A8821A015008090170280B03AC8051496
S31504004410150280B026A83F103AC869A40B03C091C0
S315040044203A88EFBC1EBE3FA01700C0AD170100AD11
S31504004430040240AD06B93F00170040AC170100ACBA
S31504004440040240AD068A3F00170440913A8809E009
S3150400445040EF034004038000150080E00B038090C6
S31504004460C4FF3F01141080100D03809006933F0093
S315040044703A8827003A882F00150000D83A88290080
S31504004480261E00981700C0D83AC00418265E0010ED
S315040044903A8821982E01C0A43A8821A017000091D9
S315040044A017048090170280911705C0912E020011FF
S315040044B03A88E3311616008C1638C0811709C09065
S315040044C0170740913A8809E03A880DB83AE83E1849
S315040044D03A8823100EE1BF003AC869A4261800A042
S315040044E0170280B03AC84514150280B026723F10F0
S315040044F03AC8679C3A886FBC1EE23F981700C0AD65
S315040045001701C0AC040240AD150000D806DC3F001C
S315040045103A880BB83A880D88003405401700C090D5
S315040045203A8809E03A880B903A88471C1500C090EF
S31504004530808D03401EC93F103AC869A41EE83FA0F7
S315040045403A8809E03A880B90808D03401EC33F10D9
S31504004550150000D806E23F0017000091170480906A
S315040045602E0200113A882380363100851705C09142
S315040045703618C0A11709C090170740913A8809E078
S315040045803A880DB83AE83E183A8821100EB3BF00AF
S315040045903A8823103A882710069B3F003A880BB8BE
S315040045A03A880D80003405401702C09017008090A9
S315040045B03A8823803AC8071C3A8805141502C09025
S315040045C01500809006C43F003A880DA03A8821A0C1
S315040045D006813F003A880BB83A880DA0003405409E
S315040045E01702C090170080903A8821A03AC8071D88
S315040045F03A8805153A8823A03A8827A01502C09060
S315040046001500809006803F003A8809B8840240016C
S315040046103A880D98C01B0540261700103AC8C515E0
S315040046204400001544008000150080D806983F0019
S315040046303A880BB83A880D80003405401700C090BC
S315040046403A8809E03A880B903A88071C1500C0900E
S315040046503A882780808D0340266B3F10067F3F00F3
S315040046603A880B403A8809E0C04A064026763F104D
S315040046703A88231006503F004400C0004400009DC1
S315040046801500C0D806823F000B0380904402C00088
S31504004690C4FF3F01141080100D0380901500C0E084
S315040046A006063F0004F7FFDE1503C0DC04B8C02489
S315040046B0150680DD150540DD1508C0DF1507C0DDCC
S315040046C0150400DD150280DC150140DC150000DC54
S315040046D03A882B203A882D2800B6034026210098D4
S315040046E03A882F001701809C1702009CC4FFBF90D4
S315040046F0160D00103A882300C4FF3F050F0380807F
S315040047004400408C260600108F0380803A880B8074
S315040047103A8809A8260200153AE83EB03AB0AEB87F
S31504004720041700841EF57F941700C09C1EED3F9865
S3150400473040B603403A8805B81708C0DF1707C0DD3E
S31504004740170680DD170540DD170400DD1703C0DCFE
S31504004750170280DC170140DC170000DC0409C0DE08
S315040047603A2800F83A882F0006F13F0004F8FFDEE5
S315040047701503C0DC04B8C024150540DD1507C0DFE9
S31504004780150680DD150400DD150280DC150140DC0C
S31504004790150000DC3A882B2800B60340261F009833
S315040047A03A882D001701809C1702009CC4FFBF9015
S315040047B0160C00103A882300C4FF3F050F038080BF
S315040047C04400408C260500108F0380803A880980B7
S315040047D0260200153AE83EA83AB0ACB004170084A5
S315040047E01EF67F941700C09C1EEE3F9840B6034009
S315040047F03A8805B01707C0DF170680DD170540DDC8
S31504004800170400DD1703C0DC170280DC170140DC47
S31504004810170000DC0408C0DE3A2800F83A882D00A8
S3150400482006F23F001705A0D03A2800F8740081006C
S3150400483004A9A6103A2800F874008100046AA91095
S3150400484017000011C182044004FCFFDE7400C1009D
S315040048500460E718150280DC150140DC150000DC55
S315040048603A8823203A8825281503C0DF3A88213060
S315040048703A8809303A880B1826090030C0CC06401D
S315040048803A88098074004101045367291E0B0010FD
S31504004890150D008C150C808C7400C1000460E7189B
S315040048A03A8805181703C0DF170280DC170140DCBD
S315040048B0170000DC0404C0DE3A2800F8C0CC064029
S315040048C03A88070026F23F1006F53F00740081017E
S315040048D0046AA9313A880720170000313A880D285E
S315040048E03A880B18818404400B03802804EDFFDE0C
S315040048F0151040DC8C008010150F00DC1512C0DF8B
S31504004900151180DC3A8821283A882320260B0010CA
S31504004910C410C02844008000150580281504C0284A
S315040049201500C0281712C0DF171180DC171040DCF1
S31504004930170F00DC0413C0DE3A2800F88F03402961
S31504004940162100283A880DD8C00B0740161E001001
S31504004950170180D81400E0000C003C112631C02059
S315040049600B0380800400C800140082100D038080AD
S31504004970261EC020040081043A8809883A880B90D0
S31504004980C0A704403A880910263100100B03C080E2
S315040049903400810004158F10150F80881420C01868
S315040049A0150580840D03C08015040081150000815F
S315040049B01712C0DF171180DC171040DC170F00DC5C
S315040049C00413C0DE3A2800F80B03C0800C208018BC
S315040049D02604001004108004140082180D0380803D
S315040049E006E53F000400810406FB3F008F03408177
S315040049F03A8809880013074026DE3F100B0380809F
S31504004A00C410C08004008104540080100D0380800B
S31504004A10440080001504C080150580801500C08000
S31504004A2006D53F00170AC0803400810004E29A10BC
S31504004A301ECBBF180B0380800400C1003A882518DA
S31504004A403AB0C4100D0380801513C08006CA3F0017
S31504004A500B0300810C8080201EB23F10C410C0805E
S31504004A609400002144008000150580800D03008118
S31504004A701504C0801500C08006AA3F0004F6FFDEB8
S31504004A80C402C02884058000150280DC1509C0DF35
S31504004A90150800DF1507C0DD150680DD150540DDA8
S31504004AA0150400DD1503C0DC150140DC150000DC2F
S31504004AB03A8825203612C010040440042E14408976
S31504004AC0040380003A880700150080903A88051888
S31504004AD01709C0DF170800DF1707C0DD170680DDDA
S31504004AE0170540DD170400DD1703C0DC170280DC60
S31504004AF0170140DC170000DC040AC0DE3A2800F87F
S31504004B0004FEBF003A70A21816ED3F8836EC7F8982
S31504004B103A880990406F0940C47D80002E2B4014CA
S31504004B207AD206881E3F0018FAD00C88FA90043010
S31504004B307400C1020468E85A3A88CB121703002CA1
S31504004B403A880F581E04002C060A00000E86001828
S31504004B50170300842607002C1701808004FFFF003A
S31504004B603A70C8103AC84724C40380000EF7FF10F1
S31504004B70C4FFBF314400403274008102046AA85263
S31504004B801702005426A080821701808004FFFF00CC
S31504004B903A70CA103AC84D2CC4038000168380119B
S31504004BA01503805215028052162900303A8847812F
S31504004BB0170180183A88099054008010150180184E
S31504004BC0806F09400402C08006C03F007400C10221
S31504004BD00468E85A3A88C58A170300143A880F58B5
S31504004BE0FAD00688266C00141701C08004FFBF00A3
S31504004BF0170380813A7086183A88C780170180188F
S31504004C00170240813A8809905400801015018018D3
S31504004C101502403115038029806F09400402C080C3
S31504004C2006AA3F00040180002E05C010040580007A
S31504004C303678C010C4168019FA90043006BC3F00BA
S31504004C40BAD10488040E8011FA90043006B83F00E5
S31504004C50C47F800036BB4011FAD0062804FE3F57B5
S31504004C6044008000FA900818BAD007181701C0E16A
S31504004C703A880959170240213A98C410150300814D
S31504004C80150240813AB08E381503002C1502002413
S31504004C901501C0E13A88074816CD0048BAD007186E
S31504004CA0440080003A98C810364400393A70C4214A
S31504004CB01E0A00103A88092104FFBF003A7084488E
S31504004CC03A700639040140121E0400183A88092174
S31504004CD03A7004390401404A26FC3F10FA9004480D
S31504004CE03A88194804FF3F023A889B583A8807686D
S31504004CF0C40340011703001C1E04001C06A7000081
S31504004D000EAB00301703008426A4001C1701808014
S31504004D103A7004123AC84D140EF9BF2917030081DC
S31504004D201702C080540040893A8845841502C02081
S31504004D3015030019150140813A8887115400003182
S31504004D4015038050150280501500801915010011B5
S31504004D5015028012150380123A880990806F094063
S31504004D600402C08006593F003A8809811701802051
S31504004D701702C0801703408154008010150180205B
S31504004D801502C028150340193A880990806F094016
S31504004D900402C080064D3F000402808017030014FD
S31504004DA01E913F148400401A06733F005400C088C5
S31504004DB03A8845841501C08006DF3F00170200E4E7
S31504004DC004FFBF001701C0803A882D803A70AA18E4
S31504004DD0361640AC3AC849ACC40380000E13001121
S31504004DE0540080883A8847841501808054008020C6
S31504004DF0150180181502C0E03A880990806F0940B1
S31504004E000402C08006313F001701C03904FE3F5733
S31504004E1006A03F00041580003667C0103AD3048804
S31504004E20841B8011FA90043006413F00170BA0D072
S31504004E301707E0D0C4FF3F05040480103A88A7880A
S31504004E402603001DC4FFC3980400BC003A70A618CC
S31504004E503A8809903A880B9800B106403A880910B6
S31504004E60260400153A884B853A8829102E5A401193
S31504004E70260C0087170200E41701C08004FFBF0058
S31504004E803A708418360340143AC84914C40380009F
S31504004E9016D33F113A880990806F09403A88070073
S31504004EA0060A3F007400C1050478E9BD170080B8FE
S31504004EB03A888D98150080B91707E0D0C4FFBF0063
S31504004EC0268E80183AC845213A888530150080B860
S31504004ED0CC01C0201E5F00183A880B003A88C5A48E
S31504004EE0CCFF83100400C4003AC887183A88E72820
S31504004EF03A8809903A880B9800B106403A88071018
S31504004F00C4FFBF00267A80183AC8051D3A888598DA
S31504004F105400C010170080B83A8821A01501C0A01B
S31504004F203A888598150080B8150200E5263600B73C
S31504004F30C4038001364B403544008000150180A02F
S31504004F4006CD3F007AD208281E370020FAD008285A
S31504004F50FA9006203A88D11A17028041265B8041CE
S31504004F601701803004FFFF003A70C4102E02802817
S31504004F70170280311EFABF41170300321701C039E8
S31504004F80150300821502808174000107046828E76E
S31504004F901503003415020044063E3F004400006336
S31504004FA0CC008060265D00100402C01806513F0044
S31504004FB03A888980066D3F00045580003620C0106B
S31504004FC0FAD30488C41D8011FA90043006D83E0032
S31504004FD0C400C04806313F007400C1050478E9BD29
S31504004FE0170080B83A888D98150080B91EB23F29FB
S31504004FF0CCFF83201EB03F10170200E43A88459D7B
S3150400500054008010150180801700C0B8170CA0D07A
S315040050102E01C010150CE0D0170DA0D02E96FF104F
S31504005020150DE0D006943F0004018000361E0011E1
S31504005030BAD10428040E0011FA90062006C53F00D2
S31504005040045581002E1DC010841F800104FC8000BD
S3150400505006B73E00040280003AC8CB103A8869219C
S31504005060069E3F0004FEBF0004FD3FA93A70882057
S315040050703A880BB14401C0001502C0281501C028A6
S31504005080170180B04C0080103AB08420150180B01E
S315040050902EDD3F31040240B13A88099040EF0340C7
S315040050A0170200E406D83F000405800036150011F7
S315040050B0C4160021FA90062006A63F00BAD4048836
S315040050C0041F8011FA90043006993E00BAD00920D4
S315040050D074004101046868294400C000170180284F
S315040050E03A9806193AB0C4101501802806A33F0061
S315040050F03A8827004400C00006863F00150720D1E1
S3150400510006733F0004158000361900113AD30428AB
S31504005110841B0011FA900620068E3F003A880B483D
S315040051203A880768CC00802804FEFF18C4FF7F294C
S31504005130261500101702801826FAFF103A8809214E
S31504005140361E3F39261D3F203A70C4212602001020
S315040051503A88136006E13E003A8809213A70043918
S315040051600401006326FC3F103A88136006DB3E0008
S315040051700455800036080011FAD30428C41D001112
S31504005180FA90062006733F003A3004013A708E38CE
S315040051901501C0E106E93F00045581002E03001104
S315040051A0841F000104FCC000066A3F00BAD4042828
S315040051B0041F0011FA90062006663F00C400800012
S315040051C0CC3F40293A8807202E0280113A70842069
S315040051D0260B0010C4FF3F311E050030062C0000CC
S315040051E0C4FF3F21C4FFBF004400C0182628802006
S315040051F0030080181EFABF283A8805183A2800F8D2
S315040052003A8811003A8807000401C0013A92044022
S315040052104400C0183A8851111EFCFF19F4BFBF029E
S31504005220C4BFBF52742060020420604AC400C00296
S315040052301700802004FFBF313A880F203AF0041289
S315040052403A8887123A70461A3A3084003A70C41083
S31504005250260B001003008020260F802843008020A0
S315040052604400C021260C8028830080208400C021AD
S3150400527026098028C3008020C400C0212606802871
S315040052800401002136EABF593A88072006D13F00B7
S315040052903A8805003A2800F83A8805383A2800F88A
S315040052A0C403C0013A8807202E0380393AB0042982
S315040052B0CC00801026090010260600303A88CD302E
S315040052C00300802844004029050080184400C018C3
S315040052D01EFBFF303A8805203A2800F83A88113830
S315040052E03A880F201700C02804FCBF311500C038C7
S315040052F017018028150180381702C0281502C03806
S315040053001703802804044029150380380404C0398F
S3150400531036F4BF41C40080002E0780113A88071076
S315040053201700802804FFBF31040140291500803886
S315040053300401C03936FABF193A88073806DE3F0039
S315040053403A8807283A8811202E0C00293A888F2992
S315040053502E0AC021260700303A8887213AC88D19BB
S31504005360C4FFFF3903008038C4FFFF180500801806
S315040053701EFBBF193A8805203A2800F8C403C00169
S31504005380360A803926FB3F303A880F403A880D3278
S315040053900300802844004029050080384400C039B1
S315040053A01EFBBF393A8805203A2800F83AB004199A
S315040053B0CC0080101EF33F103A8811383A880B1837
S315040053C03A880F201700C02804FCBF311500C038E6
S315040053D017018028150180381702C0281502C03825
S315040053E01703802804044029150380380404C039AF
S315040053F036F4BF41C40080002E0780113A88071096
S315040054001700802804FFBF310401402915008038A5
S315040054100401C03936FABF193A88113806D93F0053
S31504005420C4008000CC3F40293A8807202E02801110
S315040054303A70842026080010260500303A8805288C
S315040054403A88CD30050080184400C0181EFDBF19E7
S315040054503A8805203A2800F83A920428C403000240
S315040054603A880F203AB084283A9406103AB0C61007
S315040054702E0A80413A88054004FCBF311500C03825
S315040054801501C0381502C0381503C0380404C039E4
S3150400549036F9BF11C40080002E05801104FFBF3108
S315040054A0C40080001500C0380401C03936FBBF11A2
S315040054B03A88073806E03F002608002817018028A6
S315040054C0171300213A8885103A8885103A88051101
S315040054D01700C0101500C028150040113A2800F81E
S315040054E0ECFFBF20261400103A8807002CC0BF200A
S315040054F01E0200103A9208200402C0182C00BC2098
S315040055001E0200103A9108200401C0182C00B02095
S315040055101E0300103A8805218400C0183A888910B1
S31504005520160300202C009020260600104400C01804
S315040055303A8805183A2800F83A9408200404C0006A
S3150400554006EA3F000408C0003A8805183A2800F81D
S315040055501700C020CC018018260A00104C008018C1
S315040055603A000510262100108C0080181E25001014
S31504005570BAD0041884004001150080203A88052812
S315040055803A2800F8CCFFBF18261500103A880B00FD
S31504005590CC3F80181E0200103AD206180402402995
S315040055A0CC0380181E0200103AD1061804014029C3
S315040055B0CC0080181E020010BAD0061884004029B8
S315040055C04C0080181E0300107AD00618260A00180C
S315040055D0440040293A8805281500C0203A2800F8D6
S315040055E03AD406180404400106E93F003A880B0041
S315040055F03A8805283A2800F8040840013A8805281C
S315040056003A2800F87AD00418440040011500802096
S3150400561006DA3F00170480201704C0283AC8CF10C2
S315040056201E0C00383A88C5183A8885100405C0103F
S31504005630040500213A88CB283A88852004FFBF1048
S3150400564004FF7F29170080111700C0281E03C030ED
S3150400565036FABF203A8805383A2800F83603C030AF
S315040056604400C0013A8805383A2800F8C4FFFF010F
S3150400567006F83F002CFC5F2934303F013A880B2999
S315040056803AC845013AD507103A880D000E04400180
S315040056903A880F283A8807383A8805303A2800F8B5
S315040056A0C404800004FB3F190E0CC010C40780001C
S315040056B03AC807118407800044004001160200110D
S315040056C0440080003A98CA103A880F003A880D2898
S315040056D03A8807383A8805303A2800F834028000B8
S315040056E03AD8CF103A880D003A8805303A880738F8
S315040056F03A2800F81704802004F9FFDE150400DDBB
S315040057003A888510040500253A888510150000DCC2
S315040057103A88A1A0150540DD17FF7F85150140DCF9
S315040057201506C0DF3A8809A83A8823281503C0DC81
S31504005730150280DC004E05403A880B1004088000F0
S315040057403AC84511150080888402800004FFFF8052
S3150400575016144011C40280003AC849113627C0A065
S315040057603A880D00440580283AD806A93A9884A8B0
S3150400577034FCCF1C3AB0A4113A8805903A880798AD
S315040057801706C0DF170540DD170400DD1703C0DC6C
S31504005790170280DC170140DC170000DC0407C0DEBA
S315040057A03A2800F8360EC0A044FD3F293A880D0079
S315040057B0260F0020040880003AC80B113612C0A038
S315040057C03A880F003A9804A93AD846313A980831EB
S315040057D034FC8F103AB0A6183AB0243906E63F00D6
S315040057E044FD3F2917FEBF8104FEFF801EF13F20C2
S315040057F034FCCFAC3A88253006DF3F0017FFBF18CC
S315040058003AD80C1106D73F0017FFBF183AD84E11E5
S3150400581006EC3F0004F9FFDE150240DC3A88232833
S315040058203A880BD81506C0DF150500DD1504C0DC63
S31504005830150380DC3A882520406F05403A8809889C
S31504005840040140D93A8827103A882918406F054040
S31504005850170400891704C091170180D93A880B18D8
S315040058603AC80F393A880910170080D87A910E3849
S315040058703A8811203AC885113A88C5113A95061016
S315040058803A8813280E0D80003A88291D3A880BA001
S315040058903A880F483A8809983A880D40406E08407D
S315040058A01706C0DF170500DD1704C0DC170380DC0C
S315040058B0170240DC0407C0DE3A2800F83AC8D328A9
S315040058C006F23F0004FEFFDEC4058000150000DC7E
S315040058D01501C0DF3A882120160C0011FA90042025
S315040058E07400C10004B5E6183A88C51017014012C1
S315040058F0170000123A8807483A8805401701C0DFA6
S31504005900170000DC0402C0DE3A2800F83A881100C9
S3150400591034FC4F023A8805003409D0003A880B4813
S315040059203A8809403A880F183A880D100032084020
S31504005930C4FF3F843A8811103A8813181EF53F8035
S315040059403A8805403A8807481701C0DF170000DC8B
S315040059500402C0DE3A2800F8C4FF7F291704803009
S315040059607AD10B28040580313A8885103A884B2968
S315040059703A884B293A8885103A880B293A88873021
S31504005980040140292E05C0301700803004018031FF
S31504005990150080200401002136FBFF302E03402130
S315040059A0150000200401002136FD7F213A2800F865
S315040059B0170480207AD10728040500210E0DC01093
S315040059C03A8885103A8885103A888D202E188021C9
S315040059D017FFBF3004FFFF301E0400102E14C02032
S315040059E004FFFF181700801826FC3F1044008000AF
S315040059F03A2800F80E0A8018CC0740292608002801
S31504005A003A88C5183A8885103A888D201700C03020
S31504005A103AD844193A9844111EF4BF1806EB3F00CD
S31504005A203A88C5183A8885103A888D2006E73F00DB
S31504005A303A8805003A2800F81713C02004FBFFDE55
S31504005A401503C0DC150280DC1504C0DF3A8825285E
S31504005A50150140DC150000DC3A8827200404800187
S31504005A600401400126170018440040013A88859431
S31504005A703A98A22C3A8885103A88C7101700001C59
S31504005A803A884D8C3A888D313A88099804058031D4
S31504005A9026120080170080801500801815040080E7
S31504005AA0150300803A8805801704C0DF1703C0DC9D
S31504005AB0170280DC170140DC170000DC0405C0DE99
S31504005AC03A2800F840E706403A8807103A88210049
S31504005AD0151380981EE43F1006F23F0040E7064087
S31504005AE026F03F103A88211015018014150240143F
S31504005AF006EA3F0004F5FFDE1505C0DC4400C004D9
S31504005B00150200DC3A8821283A880B981509C0DD6D
S31504005B10150880DD150740DD150600DD150480DC5B
S31504005B20150340DC150AC0DF3A8823303A882D383D
S31504005B30170BC0DD80A305403A8825103400A00069
S31504005B40C4FFBF103A7088883AD52A2034048000EE
S31504005B50C4FFBF103A7086883A0029A83A880B8099
S31504005B601501C0D8040500941E0200A03404C01810
S31504005B701501C0D8262700283A8809D8150040D927
S31504005B80005505403A880D10263500101701C0D877
S31504005B90040880003AC88511170000D93A98861877
S31504005BA03AB006191505C0901701C0D83AD8861917
S31504005BB01501C0D83A000B18840080003AC84B116E
S31504005BC01501C080150440911E1A00A03A88453577
S31504005BD044F3BE10440DC000150080B03AC88719BE
S31504005BE01500C0B83A880590170AC0DF1709C0DD4A
S31504005BF0170880DD170740DD170600DD1705C0DC32
S31504005C00170480DC170340DC170200DC040BC0DE3B
S31504005C103A2800F8040100D900550540040880110B
S31504005C20170180D81504C0943A880B9815058090FE
S31504005C3026E63FA03A8845293A8885103A8805140D
S31504005C4017FF3F1184F3FE307A9120281500C0B067
S31504005C50004E05403AC8A180150000BC06E13F008D
S31504005C60170080D8150580901701C0D806D13F00CB
S31504005C7004FBFFDE150000DC3A882128150280DCCF
S31504005C803A880B303A8825203A880980150140DC89
S31504005C901504C0DF1503C0DC3A8823304061054093
S31504005CA026420010165000103A882700170140813A
S31504005CB03A88099080A305403A881910170480820F
S31504005CC017048088040580813A8887523A888510AB
S31504005CD03A88C7183A8885100405008A1503C064F3
S31504005CE03A88DB303A8897400405C0613A88130045
S31504005CF0170000311700404104010042CCFFBF20C9
S31504005D00CCFFFF283AC8C5103A8845123AD4082071
S31504005D103AD40A283AD407100D0080383AC84921E3
S31504005D203A88C9208D000039040180310401C03944
S31504005D303AD4132036EEFF422E0C4033170080303F
S31504005D4004018031CCFFFF103A88471A3AD4041074
S31504005D503AD409180D00C0383A8805118D008038E8
S31504005D603AD413100401C03936F47F3317FFBF3811
S31504005D7004FFFF381E04001004FFFF1817008018E4
S31504005D80C4FFBF5226FC3F103A88056015048062A2
S31504005D901704C0DF1703C0DC170280DC170140DCE0
S31504005DA0170000DC0405C0DE3A2800F83A8809909A
S31504005DB03A880B0080A305403A88191044008000F5
S31504005DC0150480603A880560150500601704C0DF75
S31504005DD01703C0DC170280DC170140DC170000DC67
S31504005DE00405C0DE3A2800F83A880D884400C00449
S31504005DF03A8823803A88213006AC3F0004F9FFDE56
S31504005E0017048028150000DC7AD121301702C02837
S31504005E1044008010150140DC3A88A380150540DD56
S31504005E20150400DD150280DC1506C0DF3A88252836
S31504005E301503C0DC3A8829303A882B2017014029FB
S31504005E400E03401C3A88C7184400402916FD7F1CDF
S31504005E503A8809A880A305403A882710040540110A
S31504005E600E0900043A8805283A8807004400C01839
S31504005E7015000010040180101EFCFF803A8805847A
S31504005E803A8885103A888B28170480900405009177
S31504005E90CC0780A13A8885103A8885103A888F20E5
S31504005EA0261E0030040880003AC891113A8807007B
S31504005EB0170080203A9884113AB084181500802877
S31504005EC01700C02004010021040140293AD8061A0B
S31504005ED036F7FF211500C028260100184400408C1F
S31504005EE0C4FFBF88150480983A8809A83A880B909D
S31504005EF0804B05403A8805981706C0DF170540DD34
S31504005F00170400DD1703C0DC170280DC170140DC30
S31504005F10170000DC0407C0DE3A2800F817008020CA
S31504005F200401002115008028040140292EECFF21DC
S31504005F30170080200401002115008028040140294F
S31504005F4036F6FF2106E63F0004F9FFDE1503C0DC42
S31504005F50150280DC1704C02C17048034150400DDF8
S31504005F60150140DC1506C0DF150540DD150000DC13
S31504005F703A8823283A8829300E04809C3A88279048
S31504005F801704802C3A8829283A88233017028088F7
S31504005F903A88A19C170140890E0100144400402947
S31504005FA080A305403A882B103A8805843A888510E0
S31504005FB0040500A93A889D202E0480233A880520EA
S31504005FC0150000100401801036FDBF133A8885942D
S31504005FD03A88C79C040580A13A8885100405408B3D
S31504005FE03A88C7183A889F303A88D7682E3BC03318
S31504005FF03A88192017008030CCFF7F1226180048F3
S315040060003A8811683A880F603A8815001700C0402C
S315040060101700403904010042CCFF3F193A380949B8
S315040060203AD40618CCFFBF283A8885503A88892086
S315040060303A38C7483AD40A283AD404200D0000391D
S315040060403A8847193A88C5108D0080383AD4141016
S315040060500401C03936EDFF421500803A170080303E
S315040060603AD4121026190048170080603A8811683D
S315040060703A880F603A8815003A880B1017000041D9
S315040060803AD406280D008038CCFFBF203A3885481C
S315040060903A88C7503AD408203A88C5108D0080380B
S315040060A00401C039170040393A3809493AD4041072
S315040060B0CCFFFF283A88C9203A880511040100421A
S315040060C03AD4141036EDFF421500803804018031AD
S315040060D02E02C0330401006306C63F000E09000405
S315040060E017FFBF7004FFFF702603001006050000AB
S315040060F0170080181E030010C4FF3F8404FFFF1816
S315040061001EFB3F803A8805A8150400AC1706C0DFBD
S31504006110170540DD170400DD1703C0DC170280DC19
S31504006120170140DC170000DC0407C0DE3A2800F83B
S3150400613004FDFFDE150000DC44000004150180DCCC
S315040061403A8825283A880B801502C0DF80A30540CB
S3150400615015040014150580141702C0DF170180DC2E
S31504006160170000DC0403C0DE3A2800F804FAFFDE58
S31504006170150280DC1704802C150400DD1503C0DC31
S31504006180150000DC1505C0DF3A882138150140DC0E
S315040061903A8827283A8829200405002A3A880F00D5
S315040061A0170080404400C039CCFFFF103A388719E5
S315040061B03AD404103A88071C3AD40A183A38851196
S315040061C0CCFFFF183A8845113A9408103AD42010A7
S315040061D03A88C920150000410401004216F0BF3C6C
S315040061E026080080170280980E0F80903A888594BE
S315040061F03A8885103A88C5144400C09015050014E1
S315040062001504C0983A8805981705C0DF170400DD01
S315040062101703C0DC170280DC170140DC170000DC22
S315040062200406C0DE3A2800F8170140993A8809A006
S315040062304400402980A3054017048099040340992B
S31504006240040300113A888D313A888D310402803175
S315040062503A882310002A05403A880B983A8809A000
S31504006260804B05403A88278806E03F0004FAFFDEA3
S31504006270CC008030150400DD1503C0DC150000DCFD
S315040062801505C0DF150280DC150140DC3A88213093
S315040062903A8827203A8829281E2B0010BAD0258050
S315040062A0261B00901712009C1E0800800630000072
S315040062B03A880B803A880D803A880998261400900B
S315040062C017008080261B00103A8821104C0080900D
S315040062D03A0005107AD025903A880D803A880998B4
S315040062E03A880BA01EF23F1080F405403A880BA0B2
S315040062F03A8809983A882310804B05403A882988B9
S315040063003A880B803A880D803A8809981EEC3F90AB
S315040063103A8805A01705C0DF170400DD1703C0DCA3
S31504006320170280DC170140DC170000DC0406C0DE1F
S315040063303A2800F880F40540150080803A88211038
S315040063401500001006E13F003A8885107400C1006C
S3150400635004FBE6183A8885103A88C51017FFBF1162
S315040063603A880F00C01606403A88291006CB3F002B
S315040063703A880998449C40010013064015128098F7
S315040063803A8821101500001006D03F0004F9FFDEFC
S315040063901503C0DC150280DC3A8827283A882520B4
S315040063A04402400104020039150400DD150140DCF5
S315040063B01506C0DF150540DD150000DC3A882938CE
S315040063C03A88233040FC08404400C0000E3580184B
S315040063D03A880B003A88C7184400402916FDBF18AE
S315040063E03A88099080A305403A881110170780D887
S315040063F04400C00044028001150580401504C040D5
S315040064000E2640343A8821303A88AB993A88059C5E
S315040064100700C0113A880B403A88099004F4FF3902
S3150400642084028001C0160640440000843A88111094
S315040064301EF63F8C3A8845AC04FE7F113A880D88D7
S315040064400E0C00353AC885A13A8821283A88A32833
S315040064500700C0813A880B403A88099004F4FF3952
S3150400646084028001C0160640440000843A88111054
S315040064701EF77F843A8805401706C0DF170540DDFE
S31504006480170400DD1703C0DC170280DC170140DCAB
S31504006490170000DC0407C0DE3A2800F8840240999D
S315040064A006E73F003A880B0006CD3F0004F4FFDE02
S315040064B0150880DD150480DC150340DC150BC0DFF0
S315040064C0150A00DF1509C0DD150740DD150600DDD8
S315040064D01505C0DC150200DC3A8825283A882330E5
S315040064E03A882D2026C90028406F094004FE3F94AF
S315040064F0C402C08884058000170100822E1BC010C8
S3150400650004FEBF003A708E183A883938161A0038D5
S31504006510361940E404FF3F013A7026411626C09915
S315040065203A882B803A882998040200843A880FA86E
S315040065303AC80DA7C403800036C1801117018038FC
S315040065403A8849A54C0080103AB084A015018038D9
S315040065501701C0205400C0181501C0203A8809B09C
S31504006560806F09403A882380060600000404C001AF
S315040065703A8839382EE77FE4040380003A882300FA
S31504006580150080B03A880588170BC0DF170A00DFAC
S315040065901709C0DD170880DD170740DD170600DD83
S315040065A01705C0DC170480DC170340DC170200DC87
S315040065B0040CC0DE3A2800F8740081000468A810B0
S315040065C0170240123A88CD843A882B8026B9403285
S315040065D01701403184FFBF003A7084283A88851138
S315040065E01701C0104C00C0183A00071826A300185B
S315040065F03A7008293A8829990EA3C0A14C00804014
S315040066001E550010170080803AC8AF801701C0B825
S3150400661004FFBF003A708418262E003026B9403293
S315040066203A88A9983A880925150000D9162AC0215E
S31504006630170380301702C0300409400104FFBF99D4
S31504006640150380181502C010170300B9170280B885
S315040066503A882BB8040200BC1502802015030011E9
S3150400666036E48029C40480003A8809903A88118067
S315040066702E0F801117008090040400BA04020091C2
S31504006680150280B81701C090C40680001503C0B86F
S315040066902E0780111702C090040600BA0404009164
S315040066A01504C0B817038090150580B826E7403155
S315040066B017008020170000DD3A880FB815008040C7
S315040066C01701C0201501C040170280201502804022
S315040066D006973F003A88A998161FC0A11703C0B8A9
S315040066E0170280B804FFBF99040940013A882BB801
S315040066F0150280181503C010040200BC36C3802995
S31504006700C40480003A8809903A8811802E0F8011BB
S3150400671017008090040400BA04020091150280B8A0
S315040067201701C090C40680001503C0B82E07801157
S315040067301702C090040600BA040400911504C0B8F8
S3150400674017038090150580B826C7403117008020AE
S315040067503A880FB806D93F003A880B883A8809B0B8
S31504006760C0A704403A88231026250010170180800C
S3150400677084FFFF0004FE3F893A70C4103A8885807E
S315040067802695802004FFBF990409C0013645803947
S31504006790C40480003A8809903A880B882E0F801129
S315040067A01700809004024089040200911500808835
S315040067B01701C090C40680001501C0882E078011F9
S315040067C01702C09004044089040400911502C0888D
S315040067D017038090150380882691C0311700802006
S315040067E0150080281701C0201501C0281702802033
S315040067F0150280283A880B903A8809B040EF034086
S315040068003A8809B0806F0940065E3F003A880B302B
S31504006810170BC0DF170A00DF1709C0DD170880DD74
S31504006820170740DD170600DD1705C0DC170480DCFA
S31504006830170340DC170200DC040CC0DEC1A70440C9
S31504006840170180383A884BE5540000314C0080101B
S315040068503AB0041715018038150100293A888729AA
S3150400686017018018040240293A8809B054008010A0
S315040068701501801840EF034006383F003A880D00A2
S315040068803A880900065D3F001702C03017038030BE
S315040068903A880F80040200841502C010150380187C
S315040068A006233F003A8809883A880B90003405404D
S315040068B006D03F00170180300404C0E03A70081186
S315040068C03A880599164DFF103AC805173A880B877A
S315040068D054008010150180281701C08074008100BF
S315040068E00468A8103A8809B04C00C0183AB0C6E04B
S315040068F0150240111501C080806F094004024084CE
S3150400690006203F003A88A9983A880925040480E0BD
S31504006910150100D91670BF201703C0B8170280B836
S3150400692004FFBF9904094001150280181503C0101D
S31504006930040240BC36418029C40480003A88099088
S315040069403A880F882E0F8011170080900404C0B96E
S3150400695004020091150280B81701C090C406800095
S315040069601503C0B82E0780111702C0900406C0B9DB
S31504006970040400911504C0B817038090150580B867
S315040069802640403117008020150080381701C020AA
S315040069901501C03817028020150280381701C0D8A7
S315040069A03A880BBF3A8809B03AC8051F54008010CC
S315040069B0150180281701C0B8740081000468A81066
S315040069C0150240114C00C0183AB0C6E01501C0B813
S315040069D0806F094006EB3E001701802004FFFF008C
S315040069E03A880F803A70C4103A88A9980402008441
S315040069F006CF3E003A880B903A8809800034054059
S31504006A00170000DD3A880FB806C93E003A880B9095
S31504006A103A880980003405403A880FB806C43E0017
S31504006A201704C09004064089040600911504C08822
S31504006A30170580901505808806683F003A880B90F4
S31504006A403A8809880034054006D43F001704C090EC
S31504006A5004060091040800BA1506C0B8170580900C
S31504006A60150780B806123F001704C090040600916B
S31504006A70040800BA1506C0B817058090150780B833
S31504006A8006323F001704C090040600910408C0B9FA
S31504006A901506C0B817058090150780B806B93F00DB
S31504006AA03A880D203AC809013AB08821FAD7082055
S31504006AB03400A000C4FFBF103A7044113AB08820D5
S31504006AC034FC9F003AC805113AC887003AB0C4108E
S31504006AD0FAD704104400C0003AC885183A2800F8CA
S31504006AE03A880D203AC809013AB08821FAD7082015
S31504006AF03400A000C4FFBF103A7044113AB0882095
S31504006B0034FC9F003AC80511FAD704103A2800F855
S31504006B1004FDFFDE150000DC7400010404762984FC
S31504006B20150140DC150000803A8823203A8809289C
S31504006B301502C0DF006C09403A880710C4FFBF0085
S31504006B40260680183A8805181702C0DF170140DCAC
S31504006B50170000DC0403C0DE3A2800F81700808022
S31504006B6026F83F10150080883A8805181702C0DFFA
S31504006B70170140DC170000DC0403C0DE3A2800F8E5
S31504006B808F03402981F2064004FEFFDE150000DC77
S31504006B903A8821288F0340291501C0DF001A0740CF
S31504006BA03A880710C4FFBF00260980180B038080AB
S31504006BB01514C080140084100D0380803A880518CB
S31504006BC01701C0DF170000DC0402C0DE3A2800F813
S31504006BD00B038080CCFFBB100D0380803A88051818
S31504006BE01701C0DF170000DC0402C0DE3A2800F8F3
S31504006BF00B03802804FBFFDE1503C0DC0C40801069
S31504006C00150280DC150140DC150000DC3A882730CB
S31504006C103A8825381504C0DF3A8821283A880D00B9
S31504006C208400C0013A882320260200108F034029DD
S31504006C30001A07400B0380808F0340813A88098835
S31504006C40CCFFBB103A880D983A880F900D038080CC
S31504006C501704C0DF1703C0DC170280DC170140DC11
S31504006C60170000DC0405C0DEC1DF064004FEFFDEBB
S31504006C70150000DC3A8821288F0340291501C0DF5E
S31504006C80802107403A8807101608001017148080E0
S31504006C903A88C510151480803A8805181701C0DF94
S31504006CA0170000DC0402C0DE3A2800F80B038080DB
S31504006CB0CCFFBB100D0380803A8805181701C0DF8E
S31504006CC0170000DC0402C0DE3A2800F83AB044217A
S31504006CD0CC0080101E1D00103A880F201700802853
S31504006CE0170000213A880D281E168020F4BF3F02A3
S31504006CF0C4BF3F423A8807227420600104206029F9
S31504006D003A7046193A3004013A70C4101E1C001039
S31504006D103A8813403A881128060100001E18001804
S31504006D200401C039170000390401803117004031CD
S31504006D303A8845223A7004123A3006013A708618A7
S31504006D4026F67F213A8809383A880B300700C02096
S31504006D501E05001806060000440000210700C02096
S31504006D6044004029260200180700802826FABF1886
S31504006D700300C020030080283AC885183A2800F882
S31504006D803A8805003A2800F8CC0080203A88112079
S31504006D901E1600101700C020F4BF7F01C4BF7F2950
S31504006DA07420E0010420E0393A8845193A70C41188
S31504006DB03A30C6003A7086181E0C00183A880D2818
S31504006DC03A880B3804010021170080203A8887117D
S31504006DD03A7046193A3084003A70C41026F93F10C6
S31504006DE007008020260300104400002107008020AD
S31504006DF01EFD3F103AC805223A2800F804FDFFDEBE
S31504006E00150000DC7400010404762984150140DCB5
S31504006E10150000803A8823203A8809283A880B30DE
S31504006E203A880D381502C0DF00A409403A880710D5
S31504006E30C4FFBF00260680183A8805181702C0DF6B
S31504006E40170140DC170000DC0403C0DE3A2800F812
S31504006E501700808026F83F10150080883A880518A8
S31504006E601702C0DF170140DC170000DC0403C0DE94
S31504006E703A2800F83A388B2904FEFFDE150000DCB8
S31504006E801501C0DFC0A704403A8821100409C001D7
S31504006E90260D001017FFFF103A88091004FFBF00E3
S31504006EA03A7086183A8887183A880D183A880B007B
S31504006EB03617C038C40480003608C01015020020F6
S31504006EC015000020150100203A8805801701C0DF4F
S31504006ED0170000DC0402C0DE3A2800F8C40680006D
S31504006EE01500008015010080040200812EF3FF10B6
S31504006EF01502008015030080040400811EEFFF19AB
S31504006F0004060081150400801505008006EB3F0089
S31504006F10004205403A8805801701C0DF170000DCEF
S31504006F200402C0DE3A2800F804FDFFDE150000DC8A
S31504006F307400010404762984150140DC15000080E0
S31504006F403A8823203A8809281502C0DFC06F094011
S31504006F503A880710C4FFBF00260680183A88051829
S31504006F601702C0DF170140DC170000DC0403C0DE93
S31504006F703A2800F81700808026F83F10150080880C
S31504006F803A8805181702C0DF170140DC170000DC39
S31504006F900403C0DE3A2800F804FCFFDE150140DCD9
S31504006FA0150000DC1503C0DF150280DC3A882128B1
S31504006FB03A8823202629002800B6034026020088A2
S31504006FC0170E8088262D00100F03808026220010BD
S31504006FD03A8809883A880B80808D03403A882510C0
S31504006FE0170B808026040010170740813A88098809
S31504006FF03AE83E10162A00100B0380800C208010FD
S315040070001E230010170C40812605002804108080DA
S31504007010260280283A88098840EF0340150C008030
S3150400702017114081260300283A88098840EF034057
S31504007030151100800D03008040B603403A88059080
S315040070401703C0DF170280DC170140DC170000DCE1
S315040070500404C0DE3A2800F840B603403A88250006
S315040070603A8805901703C0DF170280DC170140DC5D
S31504007070170000DC0404C0DE3A2800F83A880988C0
S3150400708000B703400F0380801ED13F1006F23F0075
S31504007090170440813A88098840EF034006D93F0027
S315040070A0C4FFBF0406D43F0074008100046AA9101B
S315040070B03A880B201700001181F9064004FDFFDE13
S315040070C0150000DC7400010404762984150140DCF3
S315040070D0150000803A8823203A8809283A880B301C
S315040070E01502C0DF807509403A880710C4FFBF0047
S315040070F0260680183A8805181702C0DF170140DCF7
S31504007100170000DC0403C0DE3A2800F8170080806C
S3150400711026F83F10150080883A8805181702C0DF44
S31504007120170140DC170000DC0403C0DE3A2800F82F
S3150400713004FDFFDE150000DC7400010404762984D6
S31504007140150140DC150000803A8823203A88092876
S315040071501502C0DF007709403A880710C4FFBF0054
S31504007160260680183A8805181702C0DF170140DC86
S31504007170170000DC0403C0DE3A2800F817008080FC
S3150400718026F83F10150080883A8805181702C0DFD4
S31504007190170140DC170000DC0403C0DE3A2800F8BF
S315040071A004FDFFDE150000DC740001040476298466
S315040071B0150140DC150000803A8823203A88092806
S315040071C03A880B303A880D381502C0DF80780940BA
S315040071D03A880710C4FFBF00260680183A880518A7
S315040071E01702C0DF170140DC170000DC0403C0DE11
S315040071F03A2800F81700808026F83F10150080888A
S315040072003A8805181702C0DF170140DC170000DCB6
S315040072100403C0DE3A2800F804FDFFDE150000DC96
S315040072207400010404762984150140DC15000080ED
S315040072303A8823203A8809283A880B303A880D3848
S315040072401502C0DF009F09403A880710C4FFBF003B
S31504007250260680183A8805181702C0DF170140DC95
S31504007260170000DC0403C0DE3A2800F8170080800B
S3150400727026F83F10150080883A8805181702C0DFE3
S31504007280170140DC170000DC0403C0DE3A2800F8CE
S3150400729004F0FFDE3A8805203A881130150E00DF27
S315040072A0150A00DD150600DC150FC0DF150DC0DD5F
S315040072B0150C80DD150B40DD1509C0DC150880DCD6
S315040072C0150740DC3A8821403A8839103A8829283B
S315040072D01E3B0038365C002A26A60040D4FFBF00B9
S315040072E0369E0014C43F8000363D01143A880B00D4
S315040072F03A8805003AD884807400010104032721E2
S31504007300040880013A8805110300C0103A88C7288A
S315040073103AC8ED301EEE00B03AD42A80440080000C
S315040073203AC823A4CCFFFF85150380D83A88098878
S315040073303A880BA8400809403A8809883A880BA875
S315040073403A882D10C00809403A9404103AD406E04D
S315040073503A38A3BD3AB0C4102E0440143A88051432
S31504007360C4FFBFB536010014363D41143AC8631450
S315040073703A8809883A880BA8400809403A88098857
S315040073803A880BA83A882910C00809403A94041090
S315040073903A3809BDCCFFFFE03AB0C4102E04001100
S315040073A03A888580C4FF3FA53601001436200111B2
S315040073B03A9404B0170300D93AB084A00615000025
S315040073C03A880D383662C029D4FFBF00365AC01138
S315040073D0C43F800036FCC0113A880B003A88050089
S315040073E03AD8843074000101040327210408C0013B
S315040073F03A8805110300C0103A88C7283AC8EF38FE
S315040074001E6900B836010035365100E44400800098
S315040074103A8809003A880720170FC0DF170E00DFE5
S31504007420170DC0DD170C80DD170B40DD170A00DDD4
S315040074301709C0DC170880DC170740DC170600DCD8
S315040074400410C0DE3A2800F8D4FFBF0036500012FC
S31504007450C43F800036E800123A880B003A880500DB
S315040074603AD88480740001010403272104088001AA
S315040074703A8805110300C0103A88C7283AC8CB30A9
S31504007480260600283AC845313AD884E03A9846A1F7
S315040074903A9878E13A9860813AB0A8183AD42A80A2
S315040074A03A8809A0CCFFFF853A880BA84008094012
S315040074B03A8809A03A880BA83A882D10C0080940D2
S315040074C03A9404103AD406E03A38A3BD3AB0C4104C
S315040074D02E0440143A880514C4FFBFB536010014BF
S315040074E036D540143AC863143A8809883A880BA8F2
S315040074F0400809403A8809883A880BA83A8829102E
S31504007500C00809403A9404103A3809BDCCFFFFE09C
S315040075103AB0C4102E0400113A888580C4FF3FA5F2
S315040075203601001436C700113A9404B03A880900AB
S315040075303AB084A006B73F0034408000C4FFBF10B1
S3150400754036A4C011040440013A88052806A43F0065
S315040075503A8805003A88090006AE3F0034408000A8
S31504007560C4FFBF1036A10014040440013A8805285C
S3150400757006603F00440000013A880B0040080940B9
S315040075803A882110D4FFBF0036F43F1406553F0055
S3150400759034408000C4FFBF10369A00120404400130
S315040075A03A88052806AE3F003AC8C53D3A98C8351C
S315040075B03AD886803AD8A2A03AD884E03AB0EA20EB
S315040075C03AD42CA83A98C6A53A8809883A880BB0C2
S315040075D03AB086181502C0D8400809403A88098886
S315040075E03A880BB03A882910C0080940CCFFFFA896
S315040075F01505C0D8170200D9170540D93A940410C6
S315040076003AD406203A98E0853A38232D3AB0C41085
S31504007610150000DC2E0340143A884515C4FF3FA527
S315040076202E7F40153AC863143A8809883A880BB005
S31504007630400809403A8809883A880BB03A882110EC
S31504007640C00809401705C0D8170200D93A94041097
S315040076503A380F1CCCFFFF203AB0E2102E03C08943
S315040076603A88638DC4FF3F842E69408D3A9408A0FE
S31504007670170040D93AC8E3893AB010813AD40C28A5
S31504007680CCFFFF28CCFFBF403AD40A403A38D31087
S315040076903A3885113A38C7283AD408483A388B29F3
S315040076A03A88C5103A8889202E02C02074008000CA
S315040076B03A888B283AD404203A888B28363F408966
S315040076C0263940893A8805403A88090006513F0020
S315040076D03A98A0853AC885353AD8A2A03AD42A80E1
S315040076E03AD884E03A9886A53A8809883A880BA855
S315040076F03AB086181501C0D8400809403A88098866
S315040077003A880BA8150480D8C0080940170100D987
S31504007710170440D93A940410CCFFFF853AD40620C6
S315040077203A3863B93AB0C4102E044014C4FF7F2912
S315040077303A880514150440D92E4400143AC8631433
S315040077403A8809883A880BA8400809403A88098883
S315040077503A880BA83A882910C0080940170140D96D
S315040077603A9404103A3809BDCCFFFF283AB0C61043
S315040077702E0600193A88071CC4FF3FA53603001CD1
S315040077802E020019C4FF3FA53A88071C170440D9E6
S315040077903A98B8E53AC823193A9404283AB0A8A006
S315040077A0150300DD06E13E003A9404203A98C8E544
S315040077B0CCFFFF483A88C5102EC2BF20C4FFBF4085
S315040077C03A88090006133F00040240013A88052856
S315040077D006033F00040640013A88052806003F00D8
S315040077E0040240013A88052806C23E000406400108
S315040077F03A88052806BF3E00040240013A88052857
S3150400780006173F00040640013A88052806143F007F
S315040078102E96FF893A88638DC4FF3F8406933F0002
S315040078202E807F14C4FF3FA53A884515067D3F0088
S31504007830C4FF3FA506DE3E00C4FFBFB53A88051463
S3150400784006283F00C4FF3FA506373F002EBB7F1422
S31504007850C4FF7F293A880514150440D906B73F00AA
S31504007860C4FFBFB53A88051406C03E0004F1FFDE26
S31504007870150B80DD150900DD150500DC150EC0DFCE
S31504007880150D00DF150CC0DD150A40DD1508C0DC3A
S31504007890150780DC150640DC3A8821303A882D200D
S315040078A03A8829281E2B003836508029268A00302B
S315040078B0D4FFBF0036820014C43F8000363601145C
S315040078C03A880B003A8805003AD88480740001018E
S315040078D004032721040880013A8805110300C01017
S315040078E03A88C7283AC8EF301E9400B83AD42A809A
S315040078F03AC823A43A883900CCFF3F853A880988D8
S315040079003A880BA8400809403A8809883A880BA89F
S315040079103A38A3A0C00809403A9404103AD406B0F1
S315040079203AB0C4102E0340143A88051436010014E4
S31504007930363541143AC863143A8809883A880BA83C
S31504007940400809403A8809883A38A3A03A880BA81F
S31504007950064D00003A880D382E10C0293A881120A9
S315040079603A8813283A8805403A880748170EC0DF34
S31504007970170D00DF170CC0DD170B80DD170A40DD7D
S31504007980170900DD1708C0DC170780DC170640DC82
S31504007990170500DC040FC0DE3A2800F8D4FFBF0048
S315040079A0365AC011C43F800036FEC0113A880B0017
S315040079B03A8805003AD8843074000101040327216B
S315040079C00408C0013A8805110300C0103A88C72884
S315040079D03AC8EB381E8500A8365200352E5100B43D
S315040079E03A8811B03A8813A006DE3F00D4FFBF00E0
S315040079F036408011C43F800036ED80113A880B0072
S31504007A003A8805003AD884807400010104032721CA
S31504007A10040880013A8805110300C0103A88C72873
S31504007A203AC8C7301EBF00183A8839003AD42A80AB
S31504007A303A8809A0CCFFFF853A880BA8400809407C
S31504007A403A8809A03A880BA83A38A3B8C00809406E
S31504007A503A9404103AD406B03AB0C4102E03401433
S31504007A603A8805143601001436E540143AC86314FE
S31504007A703A8809883A880BA8400809403A88098850
S31504007A803A38A3B83A880BA8C00809403A940410B7
S31504007A90CCFFFFB03AB0C4102E0440143A88051443
S31504007AA0360200142E0140143A8805143AC84514C7
S31504007AB03AD824173A8813003A88119006A93F0049
S31504007AC034408000C4FFBF1036B0001404044001E3
S31504007AD03A880528067C3F00440000013A880B00DA
S31504007AE0400809403A882110D4FFBF0036F43F14F9
S31504007AF006713F0034408000C4FFBF1036AF8011CA
S31504007B00040440013A88052806BE3F00344080003C
S31504007B10C4FFBF1036ACC011040440013A880528DE
S31504007B2006A43F003AC809B43A8005B13AC887A109
S31504007B303AC8A9183A882D2006A93F003A98E08544
S31504007B403AC8C5353AD8A2A03AD42A803AD884B0DD
S31504007B503A98C6A53A8809883A880BA83AB086188E
S31504007B601501C0D8CCFF3F85400809403A880988EA
S31504007B703A880BA83A38A3A0C0080940170100D9CF
S31504007B803A9404103A8839B83AD406203AB0C41064
S31504007B902E0240143A8805142E9600143AC863142B
S31504007BA03A8809883A880BA8400809403A8809881F
S31504007BB03A880BA83A38A3A0C0080940170140D94F
S31504007BC03A940410CCFFFF283AB0C4102E04401493
S31504007BD03A880514360200142E0140143A88051416
S31504007BE03A98ECB53AC8631406443F003AC84F3D88
S31504007BF03A9846353AD8C4813AD8E2A13A984CA57F
S31504007C003AB0AE183AD428B83AD8C4B13A880988F2
S31504007C103A880BA03AB08C301503C0D9150280D926
S31504007C20400809403A8809883A880BA03A883910EE
S31504007C30C0080940CCFFFFB81504C0D8170200D904
S31504007C40170440D93A9404103AD406203A98608529
S31504007C503A38232F3AB0C410150000DC3A986CB5B4
S31504007C602E0340143A88C515C4FF3FE72E5DC015A0
S31504007C703AC863143A8809883A880BA04008094030
S31504007C803A8809883A880BA03A882110C008094026
S31504007C901704C0D8170200D93A9404103A38231CA2
S31504007CA0CCFFFF203AB0CE102E03403C3A88CF3D9D
S31504007CB0C4FF3F842E47C03D3A9404E0170040D9E0
S31504007CC03AC84F3C3AB08480CCFFFF283AD40C28FB
S31504007CD03AD40A10CCFFBF103A38D1103A38C72824
S31504007CE03A3885113AD408403A388B293A88C5106F
S31504007CF03A8889202E02C020740080003A888B2896
S31504007D003AD404203A940820CCFFFF403A888B28C2
S31504007D103A88C920360B4039263D40393AC84B3992
S31504007D20060F00003AC8C5303A8839183AD884B0E4
S31504007D303A98C6A03A9820873A982CB73AB0A81829
S31504007D40063A3F001700C0D83AC8C5203A808920B1
S31504007D503AC8C72D3AC807193AC8CB383A88091021
S31504007D603AC805B13A8087B03AC8C728170340D93C
S31504007D703AD844153A9848193AD8461D3AB0A42038
S31504007D803A8811903A88131806F63E000406400114
S31504007D903A88052806CC3E00040240013A880528A4
S31504007DA006C93E00040240013A88052806013F0040
S31504007DB0040240013A88052806123F0004064001E1
S31504007DC03A880528060F3F00040640013A8805282C
S31504007DD006F83E002EB87F3CC4FF3F843A88CF3D68
S31504007DE006B53F002EA27F14C4FF3FE73A88C515A7
S31504007DF0069F3F002E697F143A88051406673F00E4
S31504007E003A88051406193F003A88051406C93E0047
S31504007E1036CC3FB13A880B0006D13F0004F8FFDEAA
S31504007E201503C0DC3A882720170000214400C0004F
S31504007E30150540DD150400DD1507C0DD150680DDDA
S31504007E40150280DC150140DC150000DC3A882B287D
S31504007E503A8829302E630019170080282E8180184D
S31504007E600401C00026DCC020267EC0108400C000A9
S31504007E702667C010267BC0201702C09D1702C028A3
S31504007E801703409C1703C02B3AC8CDB81704809C2F
S31504007E901704002C3A88093016970030C40F800066
S31504007EA0166B80110EA4000104F8BF3516BC00B091
S31504007EB03AD896853A8819003A8813004400000196
S31504007EC03A88150016BE00B03A9890253A880F00F5
S31504007ED0C4FFBF003A8889383A888B403A80CD215E
S31504007EE03A884B313A7004793A7046813AB0C410F4
S31504007EF026020010440040023A8815003AB05E5A41
S31504007F003AB0A06217014099170180A8266E80280E
S31504007F10266600283AC8457C3A8089783AC8878418
S31504007F203AC809193A880D103A880F20167700388E
S31504007F301502C0A51504C0A1150100A0150380A152
S31504007F40170300A2170440A2C4FFBF003A888B405F
S31504007F503A80092A3A888D483400C401C4FFFF399F
S31504007F603A888D21361780392665C031170200A359
S31504007F703A880942C4FFBF003A800F223A884B4A26
S31504007F803A884F393A8895203A8897383A800D517D
S31504007F903A8899603A88D73234008400C4FFBF1007
S31504007FA03A8811203A881338150300A11504C0A194
S31504007FB0150200A33603C0121EEDBF5884FFBF008E
S31504007FC02EEBBF12170480A2C40080003400C80040
S31504007FD0C4FFFF18170340A2150080A03623801A99
S31504007FE03A8827A03A8805981707C0DD170680DD6A
S31504007FF0170540DD170400DD1703C0DC170280DC1B
S31504008000170140DC170000DC0408C0DE3A2800F83B
S315040080101EF4FF20150000311701809815018030E9
S315040080201702C0981502C0301703809815038030D4
S315040080301704C0981504C030170180981701C0288A
S315040080403A8827303A70C4101501803006E53F009F
S315040080501626C01D3A8823003A882F183A88250028
S3150400806006A83F003A8827A806DE3F0044008001A0
S31504008070FA9704507AD008483AD88A51170200A2CF
S315040080803AB008113A8807003A7084493AB08C200D
S315040080903AB0CE28440000423A8827A01504C0A16D
S315040080A0150200A2150380A106CE3F003AC8C58B6F
S315040080B03A8089883AC807943AC809193A880D104B
S315040080C03A880F2006993F003A88457C3A80C913BE
S315040080D03A8887843A88C920150140A11502C0A5AB
S315040080E0150380A0150400A106B63F003A881F00B8
S315040080F03A88210006833F003AC88D0106673F008F
S3150400810084FFBF0036AF7F1106983F003A8805000A
S315040081103AC889113A8005113AC8CB013AC885286C
S3150400812044008001150180A11502C0A5150300A114
S31504008130150480A006823F0026723F2004F8BF354E
S315040081403A88AFB9163100B03AD89A953A881D00E4
S315040081503A880F00440000013A881100162500B041
S315040081603A9894253A881300C4FFBF003A88894890
S315040081703A888B503A804D223A884B313A700489BA
S315040081803A7046913AB0C410260200104400C00169
S315040081903A8811003AB0E2693AB0247206593F00AF
S315040081A03A880784C40780003AC885113A98861825
S315040081B03AD896793AD898813AB0D61A063E3F000C
S315040081C07AD00620C40780003AC885113AD8901898
S315040081D03A988E21063E3F001E823F111701C028A1
S315040081E017018098267FFF107400C10404FEE69CE4
S315040081F0067C3F007AD00620C40780003AC8851161
S315040082003AD894183A98922106D73F003A88879428
S31504008210C40780003AC885113A9886183AD89A89CC
S315040082203AD89C913AB05A1B06C93F0004EAFFDECD
S315040082301514C0DC0404C0DC3A8811203A881328DB
S31504008240151340DC3A8809D83A880B98040940DCAF
S315040082501515C0DF150140DA1503C0D9150000DA7B
S31504008260150280D9004C0940040200D93A880B88CB
S31504008270004C0940170A80D83A880B883A8809982E
S31504008280040E80D95C008010150A80D8C0E107402E
S315040082903A880910C01A09401715C0DF1714C0DC44
S315040082A0171340DC0416C0DE3A2800F804EAFFDEA1
S315040082B01514C0DC0404C0DC3A8811203A8813285B
S315040082C0151340DC3A8809D83A880B98040940DC2F
S315040082D01515C0DF150140DA1503C0D9150000DAFB
S315040082E0150280D9004C0940040200D93A880B884B
S315040082F0004C0940040E80D93A8809983A880B88BC
S31504008300C0E107403A880910C01A09401715C0DFB2
S315040083101714C0DC171340DC0416C0DE3A2800F834
S3150400832004E0FFDE151840DC040440DC3A88112022
S315040083303A881328151700DC3A8809D83A880B8836
S31504008340040900DC151FC0DF150140DA1503C0D986
S31504008350150000DA150280D9151EC0DD151D80DD55
S31504008360151C40DD151B00DD151AC0DC151980DC53
S31504008370004C0940040200D93A880B80004C09409D
S31504008380170400D9440080002E1000111709C0D824
S315040083902E06C01004018000260A802026CC8018F0
S315040083A084008000260980201E198018170AC0D868
S315040083B0170580D83A8809803AC0C410150A80D8AF
S315040083C0060700008400800026C38018170580D89D
S315040083D0170AC0D83A8809883AC0C410150580D847
S315040083E0C01A0940171FC0DF171EC0DD171D80DD28
S315040083F0171C40DD171B00DD171AC0DC171980DCBB
S31504008400171840DC171700DC0420C0DE3A2800F8F1
S31504008410170780DD170C80DC3A882B003A88230086
S315040084203A880BA83A880DB03A880F881708C0DD39
S31504008430170DC0DC3A880990400909403A881B00A8
S315040084403A880F683A8809B03A880B003A880D983A
S315040084503A882DB83A882F00151640DB151380D8B4
S315040084601514C0D81515C0DC400909403A880DB06A
S315040084703A880B003A8809903A880FB83A8821104E
S315040084803A882318400909403A8885803A800D14B1
S315040084903A88C7883A88CD303A8829103A882B30EA
S315040084A0171380DA1714C0DA171500DB171640DB2A
S315040084B02E6140343A8809003A8805513A808D1273
S315040084C03A88075D3A88CD303A8821004400400452
S315040084D03A8825103A8827303662C032267A80597F
S315040084E03A880B683A880FB83A8809603A880DB01A
S315040084F0400909403A8809103A880F003A88451518
S315040085003A8011113A88C7193A88C7403A88CB8805
S315040085101706C0D83A888980170B80D80401C0187A
S315040085203A800D243A88C7103A881320170A80D84F
S31504008530170500D93A884D313A8815303AC0882053
S3150400854034008800C4FFBF10150F00D91510C0D819
S315040085502E1680113A8811183A881F10FA97049833
S315040085607AD01690FA9706507AD00C487AD00E50E4
S315040085703AB0D612440080003AB08C193A70884852
S315040085807AD018983A881B003400A0033A8813302E
S315040085903A8815383A889140260200203AB0645B3E
S315040085A03AB0A66336EDBF7A151000DA34008400BB
S315040085B0C4FFBF1036148012171000DA3A881F1051
S315040085C03A88454A3A804D123A8887523A889794AF
S315040085D03A808F5C3A88D99C440000013A88CD30B1
S315040085E03A880F3BC4FF3F423A8813103A88153045
S315040085F03AB01A11163000983A8825583A8827381E
S315040086002EEFBF7A151000DAC43F80003A708E4808
S31504008610042080003A8807003A881100261880381A
S31504008620C4008000040E00D9151280DA150E80D815
S31504008630151140DA066A3F00262180893A88090026
S315040086403A8805513A808D123A88075D3A88CD30CA
S315040086503A8821003A8823003A8825103A88273038
S315040086602E9EFF32440080003A8889803A800D2489
S315040086703A884D343A8821203A88233006983F00B8
S315040086801EE73F40044000013A7004493AB0C41062
S315040086901EE33F103AB0C49426E13F103A88C54918
S315040086A03A8051123A88914204C03F013A7012113D
S315040086B03A88154006DA3F003A88136806CE3F002A
S315040086C0367C3F1406DD3F002E85BF1206E53F00CB
S315040086D0840080001E35BF207400010104FE26219B
S315040086E0063F3F0004EDFFDE1511C0DC0404C0DCC8
S315040086F03A8811203A881328150E00DC3A8809D8DE
S315040087003A880B98040900DC1512C0DF150140DA1B
S315040087101503C0D9150000DA150280D9151080DCBE
S31504008720150F40DC004C0940040200D93A880B803E
S31504008730004C0940170400D9440080002E0B001198
S31504008740170940D92E764011170580D8170AC0D8C4
S31504008750040180013AF0C410150580D82602802150
S31504008760840080001E148020260900293A8809986E
S31504008770C01A09401712C0DF1711C0DC171080DCBD
S31504008780170F40DC170E00DC0413C0DE3A2800F88D
S315040087907400010104FE2621C01A09401712C0DF25
S315040087A01711C0DC171080DC170F40DC170E00DC35
S315040087B00413C0DE3A2800F8265B8029262D80287B
S315040087C01706C0D8170B80D81708C0D9170D40DC78
S315040087D03AC88B18170780D9170C00DC150640D940
S315040087E03638403C2636C0893A8815003A881D003A
S315040087F03400C4023A881F003A883F00440F8004BC
S31504008800060F00003A881D603A881F683A880D40B2
S315040088103A880F103A8891317AD008583A808541BF
S315040088203A88D3393AB0C6283A8845123A88151890
S315040088303A8817203A880D403A880F10261780FC8C
S31504008840FA970A587AD006504400C0FF36F17F3CA6
S315040088503AC811343A8005323AC8533C3AB0987251
S315040088603AB0DA7A3AC885481EE6FF8936E93F34D3
S3150400887006E43F003A880998150480D9C01A0940CD
S315040088801712C0DF1711C0DC171080DC170F40DC8D
S31504008890170E00DC0413C0DE3A2800F8C43F80003B
S315040088A03A709070042080003A8807003A881300D2
S315040088B0260D80401508C0DB150780DB06AB3F009C
S315040088C02EC93F343A8885313A8089113A88C739A6
S315040088D03A88C920C4FF7F293A880D103A880F20A8
S315040088E0150640D906C03F001EF23F480440000169
S315040088F03A7004713AB0C4101EEE3F103AB0C43157
S3150400890026EC3F103A8805723A8091133A88D1438F
S3150400891004C03F013A701C113A881F4006E53F0027
S315040089203A88098006923F003A880998150700D8C4
S31504008930150800D8150600D8068D3F0004EFFFDEA3
S31504008940150F40DC040440DC3A8805203A880728E1
S31504008950150E00DC3A8809D83A880B88040900DC2D
S315040089601501C0D8150080D8150280D91510C0DFAE
S315040089701503C0D9004C0940040200D93A880B807B
S31504008980004C0940170480D84400C0003A880D18EA
S315040089902E068018170980D83A8809883A880B80E9
S315040089A02E028018805F09403A880D103A880530F7
S315040089B01710C0DF170F40DC170E00DC0411C0DEF1
S315040089C03A2800F804EFFFDE150F40DC040440DC0F
S315040089D03A8805203A880728150E00DC3A8809D813
S315040089E03A880B88040900DC1501C0D8150080D824
S315040089F0150280D91510C0DF1503C0D9004C0940F3
S31504008A00040200D93A880B80004C0940170480D828
S31504008A104400C0003A880D182E068018170980D81D
S31504008A203A8809883A880B802E028018805F0940AC
S31504008A303A880D103A8805301710C0DF170F40DC4E
S31504008A40170E00DC0411C0DE3A2800F804EFFFDE3E
S31504008A50150F40DC040440DC3A8805203A880728D0
S31504008A60150E00DC3A8809D83A880B88040900DC1C
S31504008A701501C0D8150080D8150280D91510C0DF9D
S31504008A801503C0D9004C0940040200D93A880B806A
S31504008A90004C0940170480D84400C000C4FFBF013D
S31504008AA02E068018170980D83A8809883A880B80D8
S31504008AB02E028018805F09403A880D103A880530E6
S31504008AC01710C0DF170F40DC170E00DC0411C0DEE0
S31504008AD03A2800F804EFFFDE150F40DC040440DCFE
S31504008AE03A8805203A880728150E00DC3A8809D802
S31504008AF03A880B88040900DC1501C0D8150080D813
S31504008B00150280D91510C0DF1503C0D9004C0940E1
S31504008B10040200D93A880B80004C0940170480D817
S31504008B204400C000C4FFBF012E068018170980D870
S31504008B303A8809883A880B802E028018805F09409B
S31504008B403A880D103A8805301710C0DF170F40DC3D
S31504008B50170E00DC0411C0DE3A2800F804EFFFDE2D
S31504008B60150F40DC040440DC3A8805203A880728BF
S31504008B70150E00DC3A8809D83A880B88040900DC0B
S31504008B801501C0D8150080D8150280D91510C0DF8C
S31504008B901503C0D9004C0940040200D93A880B8059
S31504008BA0004C0940170480D84400C0003A880D18C8
S31504008BB02E068018170980D83A8809883A880B80C7
S31504008BC02E028018805F09403A880D103A880530D5
S31504008BD01710C0DF170F40DC170E00DC0411C0DECF
S31504008BE03A2800F8FAD7062004F6FFDEC40080000F
S31504008BF01509C0DF1508C0DC150780DC150640DC46
S31504008C00150500DC150080D81501C0D81E0F0020FC
S31504008C1084008000150080D83A8809D8C01A094013
S31504008C203A8809103A880B183A8805203A880728A2
S31504008C301709C0DF1708C0DC170780DC170640DCFD
S31504008C40170500DC040AC0DE3A2800F8040F800089
S31504008C503A000718150280D8261100183A8827000A
S31504008C603A882520150300D91504C0DCC012094032
S31504008C70440700110EE83F0144FFBF10160C001014
S31504008C803A98A2903A882100170280D8150440DC4D
S31504008C90150300DC3AC80511150280D806DE3F002C
S31504008CA03400A000260A80203AC8090106EB3F00DA
S31504008CB07AD00690C40780003AC805113AD88618B7
S31504008CC03A9822993A9820913AB0621C06EE3F00EF
S31504008CD03A8809003478700106D33F0004F8FFDEB1
S31504008CE03A8805203A8807283A8809D8040240D9E0
S31504008CF01501C0D8150080D81507C0DF004C0940FF
S31504008D001702C0D8840080001E0580183A88070020
S31504008D103A8805181707C0DF0408C0DE3A2800F8A9
S31504008D20440080002EF9FF100401800026048018F8
S31504008D301704C0D816F53F18840780000E08C01023
S31504008D40170380D81E1200103400E000C4FFFF1879
S31504008D503A8805181707C0DF0408C0DE3A2800F869
S31504008D60040F80003AC8D11004F8BF40170580D913
S31504008D701706C0D9160800103AD88838170380D8C1
S31504008D803A88072026E23F103AC8070106E03F006A
S31504008D903400E00006DE3F003A88C739C407800085
S31504008DA03AC805123A9886183AD808323AB00819D9
S31504008DB006F23F0004F2FFDE150DC0DF150CC0DD20
S31504008DC0150B80DD150A40DD150900DD1508C0DC2C
S31504008DD0150780DC150640DC150500DC150100D8F6
S31504008DE01E0F002084008000150080D83A8809D818
S31504008DF0C01A0940170DC0DF170CC0DD170B80DD44
S31504008E00170A40DD170900DD1708C0DC170780DCE8
S31504008E10170640DC170500DC040EC0DE3A2800F80D
S31504008E20C4008000040FC0003A882F003A882D2021
S31504008E30150080D81502C0D8150300D91504C0DD65
S31504008E40C012094044074012160B004826E73F4863
S31504008E5044FFBF10162E00103A98A2B03A8821009B
S31504008E60170280D8150440DC150300DC3AC8451205
S31504008E70150280D806DD3F003AC8550204F8BF51F2
S31504008E80161B00303AD8A8B93A882B003A880F0046
S31504008E90440000013A881100162500303A98A621AC
S31504008EA03A882500C4FFBF003A8889903A888B988F
S31504008EB03A808D243A884B313A7004B13A7046B9F7
S31504008EC03AB0C410260200104400C0013A881100CA
S31504008ED0170200D93AB0C4A13AB006AA3AC8492240
S31504008EE01504C0D8150200D9150380D806BF3F0063
S31504008EF03A88C7BDC40780003AC885123A988618CE
S31504008F003AD8A8B23AD8AABA3AB0281D06DF3F0022
S31504008F107AD006B0C40780003AC845123AD88618F3
S31504008F203A9862BA3A9860B23AB0621C06CC3F00EC
S31504008F307AD00620C40780003AC885123AD8A61803
S31504008F403A98A42206D73F002E1B0029161A002899
S31504008F50440080003A880700C407C00106030000E5
S31504008F602613C0194400C018160400283A884B2951
S31504008F703A88851036FA3F29260D00103A880700EC
S31504008F80360240213AC849213AB086187AD00410EC
S31504008F907AD00A281EFA3F10260200303A880520A5
S31504008FA03A2800F83A8809183A8805203A2800F839
S31504008FB03A88070006F83F00440080003A88070014
S31504008FC006EF3F0004FEFFDE150000DC1501C0DFDE
S31504008FD03A882100160C00203A880D00160E002847
S31504008FE080F408403A8807103A0005801E010010F4
S31504008FF03AC8C7003A8805181701C0DF170000DC15
S315040090000402C0DE3A2800F83AC809014400000404
S315040090103A880D000EF23F283AC84B013A002180E7
S3150400902006EF3F0004FFFFDE1500C0DF44008001A9
S315040090303A88072816040020160C00281700C0DFFB
S315040090400401C0DE81F408403AC80901160B002861
S315040090503A880B184400800180F408403AC8850019
S315040090601700C0DF0401C0DE3A2800F83AC84B01F5
S315040090701700C0DF0401C0DE81F408403AC8470186
S3150400908006F33F003A880D0081F40840440080014D
S3150400909081F408403A881120CCFF7F423AD4184024
S315040090A0CCFFBF323AD416303A38854A3A389562FC
S315040090B03A38D34ACCFF3F113AD404103A88934A3B
S315040090C03A8807383A8845123A880F283A880B189E
S315040090D03A94061004FDFFDE150280DC3A8807196F
S315040090E0150140DC150000DC3A3865413A38E331B5
S315040090F03AD412103A38D9623A881F182E028012CE
S31504009100740080003A8899603A884D623A8887915B
S315040091103A88C7883A880578170280DC170140DC4C
S31504009120170000DC0403C0DE3A2800F8D4FFBF00B1
S31504009130360E0011C43F8000040240013A8807003D
S31504009140361000113A880B003AD8C6207400810004
S315040091500403A7103A888718030080180408C0007F
S315040091603A8885283AC885183A2800F80404400144
S3150400917034408000C4FFBF103A8807282EF23F11FE
S31504009180040640013A8807283AD8C62074008100AC
S315040091900403A7103A888718030080180408C0003F
S315040091A03A8885283AC885183A2800F81700C02056
S315040091B004FDFFDE150000DC150280DC150140DC31
S315040091C044008000170300223A881F001704402237
S315040091D0170100242E55C01004018000264F801864
S315040091E084008000260280183AB044421E1A0010F9
S315040091F03A880D003A880F003A881100340480003A
S31504009200C4FFBF103A881D303A7084383A950A4034
S315040092102CFCBF793AB08C303404E000C4FFFF184C
S31504009220FA9704803A70C6303AB0461934006001A1
S31504009230C4FF7F293A704A193AB08A283A8807281F
S315040092403A880570170280DC170140DC170000DC41
S315040092500403C0DE3A2800F8170200218400BF0088
S31504009260163F8020C4FF8000162C0011C43F8000E6
S315040092703A708C40042080003A8807003A880F0030
S31504009280C4FF8022261E8030C41F80003A8889408D
S315040092903A800D223A884D323A8811203A881330A2
S315040092A034008800C4FFBF10360D40123A960448B5
S315040092B03AD20C403AD20E48C4FF3F013AB08C1160
S315040092C034044001C4FF7F293A7004313A704639A8
S315040092D0CCFF01523A880D103A880F1806C73F0092
S315040092E0FA9708487AD004407AD006484400805257
S315040092F03AB084203A8811103A88131806EB3F00D6
S315040093001EE13F38044000013A7004413AB0C410EB
S3150400931026E33F103A88053006DC3F003A880D0004
S315040093203A880F00C4FF010206B43F003A880500DC
S315040093303402C0003AB08C403AB0CE48C4FF3F0174
S3150400934034044001C4FF7F293A7004313A70463927
S315040093503A880D103A880F18C4FF010206A73F0089
S315040093603AC80911040E80001643001104F8FF21BF
S31504009370164500383AD8D8493A881B003A8823005B
S31504009380440040013A882500164700383A98D62901
S315040093903A881500C4FFBF003A8889503A888B582A
S315040093A03A808D223A884B313A7004413A704649E4
S315040093B03AB0C41026020010440040043A8825003E
S315040093C0C43F80003AB04E643A709238042080005C
S315040093D03AB0906C3A88150026168048C41F0001DE
S315040093E03A8805393A80CD113A880D323A880F10F9
S315040093F034008400C4FFBF103A8811303A8807004D
S31504009400361B80113A9604403AD208383AD20A40BA
S315040094103A8813183AB00811C4FFBF003404C000D8
S31504009420C4FFFF183A708C203A70CE28CCFF014A4C
S3150400943006723F001EE93F50044000013A700439A9
S315040094403A8807003AB0C410260600103A88453A0E
S315040094503A80CD113A880D323A880F103A88113085
S315040094603A88070034008400C4FFBF102EE53F127B
S315040094704400C00006E33F003A8809003A88130016
S315040094803A880B0006E43F003A88474AC40780003E
S315040094903AC805113A9886183AD818413AD81A495A
S315040094A03AB0181B06B53F007AD00628C4078000D8
S315040094B03AC805113AD896183A98142906B53F00C1
S315040094C01701C0201700402234048000C4FFBF10D7
S315040094D03AD50818FAD70C183A709418CCFF01221A
S315040094E03A881B283A881748150180293A88195062
S315040094F01E1E00403AB0844A261900103AD6044883
S315040095003A920C5084003F013400C400C4FFFF1893
S315040095103AB08C11C40080003A920A48150080685B
S3150400952015020069360B80193A880F203A881118FB
S315040095303A8845293A8049113A8887313A88C920B8
S315040095403A880B103A880D20C4FFFF392EF83F41A4
S315040095501502C06915048069150340693A2800F8A4
S3150400956084008000150080283A2800F8C4FF810092
S31504009570260F80403AD60C483A9206503A9204484E
S315040095803A8809003AB0C630340044013AB00C11A6
S3150400959044003F423AB04E19C40080001504C06925
S315040095A01502006A15008068150380693A2800F8D8
S315040095B03AB0844A1E030010040180001500802876
S315040095C03A2800F83A880900340240013A700449FE
S315040095D03A7046513AB0C410260500104400800083
S315040095E0150080681504006B1503C06A3A2800F854
S315040095F01500006806FB3F00170080214400C000E8
S315040096002E0A8019170080282E0880180401C0002D
S315040096102626C0302622C0108400C0002605C0308D
S315040096201E07C010170180201E0900104400800088
S315040096303A2800F81E1AC0103A8805003A2800F89D
S3150400964017010022170180282603804026F73F4091
S31504009650C4FFBF003A2800F81702C020170280286A
S3150400966016FAFF10160980181704C0211704C0281B
S31504009670170380211703802836F4FF192605C038FE
S315040096803602C0381EECFF192EEBBF301EE73F40F2
S3150400969006EF3F002EFABF1126E43F4006EC3F00DA
S315040096A0170180281EE13F1006E93F001EDDBF11A9
S315040096B01701C028170180203AC885183A2800F8EF
S315040096C0170FA0D0260400103A880711150FE0D012
S315040096D03A8831183A2800F8740081000482A910E7
S315040096E0150FA0D03A880711150FE0D03A88311823
S315040096F03A2800F83A2800F83A2800F80416C00078
S31504009700740081000476A9101500C010C4FFBF00C0
S315040097103A2800F83A2800F8740001010470292157
S31504009720740081010482A93104FFFFDE3AC80D31B9
S315040097303A880B001500C0DF007A094040710940E1
S315040097403A8809003A880B003A880D00009C0940C3
S315040097503A880910407A09400416C0007400810052
S315040097600476A9101500C010C4FFBF003A2800F8FB
S315040097700416C000740081000476A9101500C010F8
S315040097803A8805003A2800F80416C00074008100DF
S315040097900476A9101500C010C4FFBF003A2800F8CB
S315040097A00142054004FEFFDE3A880B00150000DC8A
S315040097B01501C0DF3A882120007E0940740081002B
S315040097C0046BA91017000011170F80202601001042
S315040097D03AE83E103A880980409909403A2800F848
S315040097E074008100046BA9101700801004F3FFDED7
S315040097F0150B00DF150180D83400800004008010AA
S315040098003A000510150280D8170180D8150840DDE6
S31504009810150700DD04528010150CC0DF150AC0DDE3
S31504009820150980DD1506C0DC150580DC150440DC51
S31504009830150300DC3A882B283A883920150080D88D
S315040098403A002928170180D8175240142610008898
S315040098501700C0DD170180880422808CC4FF3F14E2
S3150400986016090080C4FFBF051E1500A03A880984A6
S315040098703A8805213A8885141720C0102611C0A8F5
S31504009880C4FF3F841EF8BF85170280D82631001016
S31504009890170CC0DF170B00DF170AC0DD170980DDC0
S315040098A0170840DD170700DD1706C0DC170580DC46
S315040098B0170440DC170300DC040DC0DE3A2800F868
S315040098C03A8809841701C0883A8805213A884514DC
S315040098D0C4FFFF18170280112615001C150200107C
S315040098E026E73F304400C0003A98061C1740809093
S315040098F01701C08C3A708418261400101741809002
S315040099003A7084181E0C00103A8805213A8885148A
S31504009910170040113A8809E03AE83E30170180887A
S315040099201EC8BF98170080B826D57F1406C53F0009
S315040099301501008C06EA3F003A8805213A88851409
S31504009940170000113AE83E3006F43F003AE83E308C
S3150400995006F23F00170180881E08001017000089D0
S3150400996026070020150000B93A880988000000007F
S31504009970170040BC1EB73F8806C53F001700008984
S315040099803A882F883A8823201EB23F8806C03F00B3
S315040099903A2800F804FEFFDE150040DC1501C0DF9E
S315040099A03A882320009909403A88058806FF3F0033
S315040099B01701C0DF170040DC0402C0DE3A2800F8B5
S315040099C004FEFFDE1501C0DF150000DC4400C00004
S315040099D0041880001500C0100420000417004081FC
S315040099E074000101044327210003004006FB3F00E5
S315040099F004080C011400E0003700C0213A70C43892
S31504009A0026FD3F103AD40538440000112E010031DA
S31504009A103A8809300E0800013A88070004080C0247
S31504009A20440080013A8845190500C0113700C04139
S31504009A303A8887191EFBFF203A8805203A2800F841
S31504009A40260D00303A880F0004090C01F4FFFF00CC
S31504009A5004084C0244000002370080203A70C41007
S31504009A6026FD3F103A8845390700801035008048A6
S31504009A703A880F3A1EF8BF393A8805303A2800F872
S30904009A80DC97000461
S31504009A8430303030303030303030303030303030C8
S31504009A9420202020202020202020202020202020B8
S31504009AA4849D00044C9D00044C9D00044C9D0004BC
S31504009AB44C9D00044C9D00044C9D00044C9D0004E4
S31504009AC44C9D00044C9D00047F7F7F7F7F7F7F7FB6
S31504009AD4000000000000F03F0000000000002440E5
S31504009AE400000000000059400000000000408F40C0
S31504009AF4000000000088C34000000000006AF8402B
S31504009B040000000080842E4100000000D01263414E
S31504009B140000000084D797410000000065CDCD41C4
S31504009B24000000205FA00242000000E876483742A5
S31504009B34000000A2941A6D42000040E59C30A24243
S31504009B440000901EC4BCD64200003426F56B0C43B8
S31504009B540080E03779C3414300A0D885573476435F
S31504009B6400C84E676DC1AB43003D9160E458E143C0
S31504009B74408CB5781DAF154450EFE2D6E41A4B4435
S31504009B8492D54D06CFF08044F64AE1C7022DB5447A
S31504009B94B49DD9794378EA440080E03779C34143D4
S31504009BA4176E05B5B5B89346F5F93FE9034F384D35
S31504009BB4321D30F94877825A3CBF737FDD4F1575E1
S31504009BC4BC89D897B2D29C3C33A7A8D523F6493985
S31504009BD43DA7F444FD0FA5329D978CCF08BA5B25A7
S31504009BE4436FAC642806C80A050000001900000087
S31504009BF47D000000000000000000000000000000DA
S31504009C040000000000000000000102020303030335
S31504009C1404040404040404040505050505050505EE
S31504009C2405050505050505050606060606060606CE
S31504009C3406060606060606060606060606060606B6
S31504009C44060606060606060607070707070707079E
S31504009C540707070707070707070707070707070786
S31504009C640707070707070707070707070707070776
S31504009C740707070707070707070707070707070766
S31504009C84070707070707070708080808080808084E
S31504009C940808080808080808080808080808080836
S31504009CA40808080808080808080808080808080826
S31504009CB40808080808080808080808080808080816
S31504009CC40808080808080808080808080808080806
S31504009CD408080808080808080808080808080808F6
S31504009CE408080808080808080808080808080808E6
S31504009CF408080808080808080808080808080808D6
S31504009D0408080808080808082564000030313233B6
S31504009D143435363738396162636465660000000099
S31504009D24494E4600696E66004E414E006E616E00F1
S31504009D34286E756C6C29000030313233343536376D
S31504009D4438394142434445460000000062756720A1
S31504009D54696E2076667072696E74663A206261640E
S31504009D64206261736500000030000000496E666974
S31504009D746E697479000000004E614E0043000000D1
S31504009D842E00000049534F2D383835392D31000043
S31504009D940000000080A00004DCA0000438A1000434
S31504009DA400000000000000000000000000000000A5
S31504009DB40000000000000000000000000000000095
S31504009DC400000000809D0004000000000000000064
S31504009DD40000000000000000000000000000000075
S31504009DE40000000000000000000000000000000065
S31504009DF40000000000000000000000000000000055
S31504009E040000000000000000000000000000000044
S31504009E140000000000000000000000000000000034
S31504009E240000000000000000000000000000000024
S31504009E340000000001000000000000000E33CDAB5A
S31504009E4434126DE6ECDE05000B0000000000000091
S31504009E5400000000000000000000000000000000F4
S31504009E6400000000000000000000000000000000E4
S31504009E7400000000000000000000000000000000D4
S31504009E8400000000000000000000000000000000C4
S31504009E9400000000000000000000000000000000B4
S31504009EA400000000000000000000000000000000A4
S31504009EB40000000000000000000000000000000094
S31504009EC40000000000000000000000000000000084
S31504009ED40000000000000000000000000000000074
S31504009EE40000000000000000000000000000000064
S31504009EF40000000000000000000000000000000054
S31504009F040000000000000000000000000000000043
S31504009F140000000000000000000000000000000033
S31504009F240000000000000000000000000000000023
S31504009F340000000000000000000000000000000013
S31504009F440000000000000000000000000000000003
S31504009F5400000000000000000000000000000000F3
S31504009F6400000000000000000000000000000000E3
S31504009F7400000000000000000000000000000000D3
S31504009F8400000000000000000000000000000000C3
S31504009F9400000000000000000000000000000000B3
S31504009FA400000000000000000000000000000000A3
S31504009FB40000000000000000000000000000000093
S31504009FC40000000000000000000000000000000083
S31504009FD40000000000000000000000000000000073
S31504009FE40000000000000000000000000000000063
S31504009FF40000000000000000000000000000000053
S3150400A0040000000000000000000000000000000042
S3150400A0140000000000000000000000000000000032
S3150400A0240000000000000000000000000000000022
S3150400A0340000000000000000000000000000000012
S3150400A0440000000000000000000000000000000002
S3150400A05400000000000000000000000000000000F2
S3150400A06400000000000000000000000000000000E2
S3150400A07400000000000000000000000000000000D2
S3150400A08400000000000000000000000000000000C2
S3150400A09400000000000000000000000000000000B2
S3150400A0A400000000000000000000000000000000A2
S3150400A0B40000000000000000000000000000000092
S3150400A0C40000000000000000000000000000000082
S3150400A0D40000000000000000000000000000000072
S3150400A0E40000000000000000000000000000000062
S3150400A0F40000000000000000000000000000000052
S3150400A1040000000000000000000000000000000041
S3150400A1140000000000000000000000000000000031
S3150400A1240000000000000000000000000000000021
S3150400A1340000000000000000000000000000000011
S3150400A1440000000000000000000000000000000001
S3150400A15400000000000000000000000000000000F1
S3150400A16400000000000000000000000000000000E1
S3150400A17400000000000000000000000000000000D1
S3150400A18400000000000000000000000000000000C1
S3150400A194430000000000000000000000000000006E
S3150400A1A400000000A0A10004A0A10004A8A10004CA
S3150400A1B4A8A10004B0A10004B0A10004B8A100043D
S3150400A1C4B8A10004C0A10004C0A10004C8A10004ED
S3150400A1D4C8A10004D0A10004D0A10004D8A100049D
S3150400A1E4D8A10004E0A10004E0A10004E8A100044D
S3150400A1F4E8A10004F0A10004F0A10004F8A10004FD
S3150400A204F8A1000400A2000400A2000408A20004A9
S3150400A21408A2000410A2000410A2000418A2000458
S3150400A22418A2000420A2000420A2000428A2000408
S3150400A23428A2000430A2000430A2000438A20004B8
S3150400A24438A2000440A2000440A2000448A2000468
S3150400A25448A2000450A2000450A2000458A2000418
S3150400A26458A2000460A2000460A2000468A20004C8
S3150400A27468A2000470A2000470A2000478A2000478
S3150400A28478A2000480A2000480A2000488A2000428
S3150400A29488A2000490A2000490A2000498A20004D8
S3150400A2A498A20004A0A20004A0A20004A8A2000488
S3150400A2B4A8A20004B0A20004B0A20004B8A2000438
S3150400A2C4B8A20004C0A20004C0A20004C8A20004E8
S3150400A2D4C8A20004D0A20004D0A20004D8A2000498
S3150400A2E4D8A20004E0A20004E0A20004E8A2000448
S3150400A2F4E8A20004F0A20004F0A20004F8A20004F8
S3150400A304F8A2000400A3000400A3000408A30004A4
S3150400A31408A3000410A3000410A3000418A3000453
S3150400A32418A3000420A3000420A3000428A3000403
S3150400A33428A3000430A3000430A3000438A30004B3
S3150400A34438A3000440A3000440A3000448A3000463
S3150400A35448A3000450A3000450A3000458A3000413
S3150400A36458A3000460A3000460A3000468A30004C3
S3150400A37468A3000470A3000470A3000478A3000473
S3150400A38478A3000480A3000480A3000488A3000423
S3150400A39488A3000490A3000490A3000498A30004D3
S3150400A3A498A30004A0A30004A0A30004A8A3000483
S3150400A3B4A8A30004B0A30004B0A30004B8A3000433
S3150400A3C4B8A30004C0A30004C0A30004C8A30004E3
S3150400A3D4C8A30004D0A30004D0A30004D8A3000493
S3150400A3E4D8A30004E0A30004E0A30004E8A3000443
S3150400A3F4E8A30004F0A30004F0A30004F8A30004F3
S3150400A404F8A3000400A4000400A4000408A400049F
S3150400A41408A4000410A4000410A4000418A400044E
S3150400A42418A4000420A4000420A4000428A40004FE
S3150400A43428A4000430A4000430A4000438A40004AE
S3150400A44438A4000440A4000440A4000448A400045E
S3150400A45448A4000450A4000450A4000458A400040E
S3150400A46458A4000460A4000460A4000468A40004BE
S3150400A47468A4000470A4000470A4000478A400046E
S3150400A48478A4000480A4000480A4000488A400041E
S3150400A49488A4000490A4000490A4000498A40004CE
S3150400A4A498A40004A0A40004A0A40004A8A400047E
S3150400A4B4A8A40004B0A40004B0A40004B8A400042E
S3150400A4C4B8A40004C0A40004C0A40004C8A40004DE
S3150400A4D4C8A40004D0A40004D0A40004D8A400048E
S3150400A4E4D8A40004E0A40004E0A40004E8A400043E
S3150400A4F4E8A40004F0A40004F0A40004F8A40004EE
S3150400A504F8A4000400A5000400A5000408A500049A
S3150400A51408A5000410A5000410A5000418A5000449
S3150400A52418A5000420A5000420A5000428A50004F9
S3150400A53428A5000430A5000430A5000438A50004A9
S3150400A54438A5000440A5000440A5000448A5000459
S3150400A55448A5000450A5000450A5000458A5000409
S3150400A56458A5000460A5000460A5000468A50004B9
S3150400A57468A5000470A5000470A5000478A5000469
S3150400A58478A5000480A5000480A5000488A5000419
S3150400A59488A5000490A5000490A5000498A50004C9
S3090400A5A498A5000468
S3150400A5A8949D0004949D000401000000889D000405
S30D0400A5B800000200FFFFFFFF93
S70504000000F6
