S02B0000503A2F465047412F5450312F736F6674776172652F636170746575725F736F6C5F736575696C2E736D
S3150400000034004100145A40083A6800080000000011
S3150400001000000000000000000000000000000000D6
S3150400002004EDFFDE1500C0DF150240D8150380D8A5
S315040000301504C0D8150500D9150640D9150780D969
S315040000401508C0D97A300B00150900DA150A40DA0A
S31504000050150B80DA150CC0DA150D00DB150E40DB26
S31504000060150F80DB1510C0DB151140D904FFFFEB1B
S315040000701512C0DB3A3109004C0080282603001013
S3150400008026020020C00E004006030000151240DFC1
S3150400009017FFBFE83AA03D00171140D9171240DFF9
S315040000A01700C0DF7A700128170240D8170380D8DA
S315040000B01704C0D8170500D9170640D9170780D9E1
S315040000C01708C0D9170900DA170A40DA170B80DABD
S315040000D0170CC0DA170D00DB170E40DB170F80DB99
S315040000E01710C0DB0413C0DE3A0880EF04FEFFDEFF
S315040000F01501C0DF150000DC3A310D00740001045F
S3150400010004163B844C0080303A0005101E0A001089
S315040001103A880900FA9004203A8805141700C0109A
S31504000120170100113AE83E183A310500260A001074
S315040001303A880D1006F33F004400C0003A880900CF
S315040001403A880B183A88C7183A8849213A70C43055
S315040001501EF03F1006FB3F001701C0DF170000DC4E
S30D040001600402C0DE3A2800F88F
S315040001683480C1061400C0DE74008106145894D67F
S315040001783400810014FFBA103400C1001456FB1869
S315040001882603C010150000100401801036FDFF1068
S3150400019800EB094080020A4006FF3F0004FCFFDE2C
S315040001A81503C0DF150240DC150100DC74000101EB
S315040001B804F72C2180340040041AC000041080007F
S315040001C81500C010040800040414400417008080B5
S315040001D84C0080103A0005101E060010170080898E
S315040001E87400010104FD2C21041A4001CC1F80313E
S315040001F800230040150000D81700C0D83402800038
S31504000208C447A81016F1FF10440000013A880710E5
S31504000218170080D83A880511150080D8170080D8A9
S315040002280EFBBF1806E93F0004FBFFDE1501C0DF1D
S31504000238150240D9150380D91504C0D97400810064
S315040002480458B4101700C0103A880B20040280D84A
S31504000258170200193A880D10150080D8C02E0240DE
S315040002681701C0DF0405C0DE3A2800F804FCFFDEE7
S315040002781501C0DF150280D91503C0D93A880D289F
S31504000288170240210402C0D83A880F181500C0D8AE
S31504000298804200401701C0DF0404C0DE3A2800F893
S315040002A804F6FFDE150740DC3A8823203A88092835
S315040002B81509C0DF1508C0DC3A882728C035004070
S315040002C8170240897400C1000406ED184400C001F1
S315040002D8440000121505C0D81506C0D90403C0D8B1
S315040002E88400C0013A8809883A880DD81500C0D810
S315040002F81503C0DC150200DA1501C0D9150480D827
S31504000308805A0440C4FFFF00260600103A880518E0
S315040003181709C0DF1708C0DC170740DC040AC0DE6B
S315040003283A2800F88402C0003A8805181709C0DF7D
S315040003381708C0DC170740DC040AC0DE3A2800F8B0
S31504000348740081000458B4103A880B201700001171
S31504000358812A0040CC0080203A8811201E160010FD
S315040003681700C020F4BF7F01C4BF7F297420E001B1
S315040003780420E0393A8845193A70C4113A30C6005F
S315040003883A7086181E0C00183A880D283A880B38D5
S3150400039804010021170080203A8887113A7046190B
S315040003A83A3084003A70C41026F93F1007008020BA
S315040003B82603001044000021070080201EFD3F107C
S315040003C83AC805223A2800F81702803004FEFFDEF0
S315040003D8150000DC1501C0DF3A8821303A88070089
S315040003E81E0600103A880518150100301701C0DFEB
S315040003F8170000DC0402C0DE3A2800F8805A0440DC
S315040004083A8807103A8805181501008015020080F5
S315040004181701C0DF170000DC0402C0DE3A2800F822
S3150400042804A4FEDE155881DD155201DC1551C1D927
S31504000438155BC1DF155A01DF1559C1DD155741DDB5
S31504000448155601DD1555C1DC155481DC155341DCFF
S315040004583A882D283A882130154F01D9C0BC044062
S31504000468170080101751C1D9154981D8174F81D85B
S3150400047826020010170E8010260D02100B0380B0FA
S315040004880C028010260E0210170480B0260C0210E7
S315040004980B0300B2840280008C06C0401E2F80180D
S315040004A88F0380B0162D00108B0340B2170780B255
S315040004B81709C0B2174F01D9042940DC044080D873
S315040004C80400C1004CFF3F423A880D803A880B88E5
S315040004D80D2C00DA8D2C40DA153080DA1532C0DAA4
S315040004E8152D80D8152EC0D8152980D8152BC0D817
S315040004F8152F00D880420040154B81D816040010E9
S31504000508174F01D93A880B8840C403401E3202109B
S315040005180B2C80D80C108010260300100B0380B017
S31504000528141080100D0380B0174B81D8175BC1DFF8
S31504000538175A01DF1759C1DD175881DD175741DDF1
S31504000548175601DD1755C1DC175481DC175341DCF6
S31504000558175201DC045CC1DE3A2800F83A88050023
S315040005683A880700041940DD154281D83A882F8055
S315040005781543C1D8154B01D8154801D8154401D8D7
S31504000588154701D8150C40DD150E00D8150D00D8F1
S31504000598070080B8261900104409C0002617C010A1
S315040005A83A8821B8060100002603C01044000084D6
S315040005B8070080801EFC3F103AC8E785260E00987F
S315040005C8170E80DC170D40DCC40180003A88E594D8
S315040005D84400408C1500C0AD150E80DC1501C0AC76
S315040005E8150D40DC168B4214040240AD174B01D995
S315040005F83A88C924154B01D93A882F80070080B850
S31504000608263C01104400C0BD050400D80700C0B844
S31504000618C4FFFF04154C01D8154A01D8154DC1D895
S315040006284400C0BD174D41D90416800004F8FF28BC
S315040006383660C0103A88C5183A8885103400C10057
S315040006480496C1183A88C510170000113A680020A4
S31504000658CC150004BC070004BC070004B815000444
S31504000668BC070004BC070004BC070004BC0700045C
S31504000678BC070004BC07000498130004A81500046A
S31504000688BC070004B013000450160004BC07000499
S315040006983C160004F8150004F8150004F8150004BF
S315040006A8F8150004F8150004F8150004F8150004F4
S315040006B8F8150004F8150004BC070004BC07000478
S315040006C8BC070004BC070004BC070004BC070004FC
S315040006D8BC070004BC070004BC070004BC070004EC
S315040006E8140E000480140004BC07000480140004DB
S315040006F8BC070004BC070004BC070004BC070004CC
S31504000708E4150004BC070004BC070004C80E000472
S31504000718BC070004BC070004BC070004BC070004AB
S31504000728BC070004140F0004BC070004BC0700043B
S3150400073834150004BC070004BC070004BC07000405
S31504000748BC070004BC070004BC070004BC0700047B
S31504000758BC070004BC070004BC0700040815000411
S31504000768200E00048014000480140004801400047D
S315040007786C140004200E0004BC070004BC07000423
S31504000788F4130004BC070004C4130004D40E0004C4
S315040007982414000410140004BC070004B81600044A
S315040007A8BC070004200F0004BC070004BC070004AF
S315040007B898150004174D01D926CE0020440040019F
S315040007C8040F80D91540C1D9154541D9154181D998
S315040007D83A880F28050F00D9050400D8154601D80C
S315040007E8174CC1D88C0080183A000510155081D8CA
S315040007F81E030010174501D984000021154501D9A7
S31504000808174C41D90C214029154E41D91E2D0028D3
S31504000818174A81D9174581D83AC8A1300E29000448
S31504000828040480000E5E0414170E80DC170D40DCE9
S315040008383A8827107400010784222DE7C4010005AD
S315040008480603000004FC3F84040240AD0E13009C1A
S31504000858040480944400408C150000AF1501C0AC14
S31504000868150E80DC150D40DC0EF67FA4174F01D952
S315040008783A880BB0040C80D91551C1D9003D004003
S315040008881751C1D91E9E001004FC3F84170E80DC44
S31504000898170D40DC041940DD16ED3F9C3A88259473
S315040008A84400408CC4018000150000AF150100AC5B
S315040008B8150E80DC150D40DC16F54114040240AD16
S315040008C806020000170E80DC170D40DC070480D8EA
S315040008D8260B001044008000440080944400408C99
S315040008E8150180A80404C0D8C40180001500C0A856
S315040008F8150E80DC150D40DC16DA4114040240ADF1
S31504000908175001D91E0B0020440480D88400809413
S315040009184400408C150080A88400C000C4018000EF
S315040009281501C0A8150E80DC150D40DC16C241144D
S31504000938040240AD174E41D90420800026B1802810
S315040009481746C1D83AC8E1190E26000404048000E3
S315040009580ECF03143A88271074000107841E2DE766
S31504000968C40100050603000004FC3F84040240ADEC
S315040009780E13009C040480944400408C150000AFB8
S315040009881501C0AC150E80DC150D40DC0EF67FA4EF
S31504000998174F01D93A880BB0040C80D91551C1D91F
S315040009A8003D00401751C1D91E55001004FC3F8470
S315040009B8170E80DC170D40DC041940DD16ED3F9C4C
S315040009C83A8825944400408CC4018000150000AF81
S315040009D8150100AC150E80DC150D40DC1682411499
S315040009E8040240AD174C01D90C4080201E4A001061
S315040009F8174141D93A88E5914400408CC4018000E6
S31504000A08150040A91501C0A9150E80DC150D40DC9A
S31504000A18166741140402C0A8174C81D90C0180300A
S31504000A2826280010174A81D8174501D93AC8211132
S31504000A380E240004040480000E550414170D40DC2B
S31504000A483A8827107400010784222DE7C40100059B
S31504000A580603000004FC3F840402C0180E11009C1F
S31504000A68040480944400408C1500001F1501C01C22
S31504000A78150E80DC150D40DC0EF67FA4174F01D940
S31504000A883A880BB0040C80D9003D00401E1C0010A7
S31504000A9804FC3F84170E80DC170D40DC0419C0D80B
S31504000AA816EF3F9C3A8825944400408CC401800084
S31504000AB81500001F1501001C150E80DC150D40DC01
S31504000AC816CB4014174A81D8174541D90E0140114F
S31504000AD83A880528174B81D93A888D30154B81D920
S31504000AE81E3B01901740C1D9041940DD150D00D8E5
S31504000AF806A73E00170E80D81E450510150D00D80A
S31504000B080B0380B00C10801026873E10C4FFBF006C
S31504000B18154B81D806843E00174D81D944198000A7
S31504000B28166E8011174741D94400C0000E4943196F
S31504000B38174181D8440080944400408C150080A84D
S31504000B48C40180001501C0A8150E80DC150D40DC13
S31504000B5816CA41140402C0A8174901D944008000E2
S31504000B68440080944400408C15018018C401800018
S31504000B7815000019150E80DC150D40DC16B6411457
S31504000B880402C01C174201D9174341D93A880D00FB
S31504000B983A880F00C0ED084026740110174741D95A
S31504000BA8174181D94400408C3A88852CC4FFBF1468
S31504000BB8C4FFBF284400C03015018098C4018000D2
S31504000BC81500C098150E80DC150D40DC168E4114F0
S31504000BD80402C09C174841D9040880D84400408CB4
S31504000BE83A88659115008098C401800015014099DA
S31504000BF8150E80DC150D40DC16ED40140402C09871
S31504000C0806853F00174A81D9174581D83AC8A130C5
S31504000C180E4B3F04040480000E3A04143A88271045
S31504000C2874000107841E2DE7C401000506030000AD
S31504000C3804FC3F84040240AD0E13009C0404809413
S31504000C484400408C150000AF1501C0AC150E80DCBD
S31504000C58150D40DC0EF67FA4174F01D93A880BB060
S31504000C68040C80D91551C1D9003D00401751C1D98A
S31504000C781EA33F1004FC3F84170E80DC170D40DCCE
S31504000C88041940DD16ED3F9C3A8825944400408CAF
S31504000C98C4018000150000AF150100AC150E80DCF8
S31504000CA8150D40DC16614114040240AD06243F00CC
S31504000CB8174F01D9C0ED03401751C1D906EF3D00BE
S31504000CC8174F01D93A880BB01551C1D900310240E2
S31504000CD81751C1D926EE3D10068C3F00174201D99B
S31504000CE8174341D93A880D003A880F0040E5084071
S31504000CF81EF2001074008100041EAD104400809496
S31504000D084400408C150080A84400C000C40180003B
S31504000D181501C0A8150E80DC150D40DC1600431419
S31504000D280402C0A8170580D8174701D90E5C01111B
S31504000D38170D40DC174981D944008000440080948B
S31504000D484400408C15018018C401800015008019E0
S31504000D58150E80DC150D40DC161643140402C01863
S31504000D68174781D8C4FF3F140E2B3F0404048000A0
S31504000D780EA80214170D40DC3A88271074000107E0
S31504000D88841E2DE7C4010005060300000402C018EA
S31504000D9804FC3F840EA2029C040480944400408C04
S31504000DA81500001F1501C01C150E80DC150D40DC4E
S31504000DB80EF67FA4174F01D93A880BB0040C80D9D4
S31504000DC8003D00401E4E3F10170E80DC170D40DC18
S31504000DD80419C0D806EE3F000B2C80D8C4FFFF00C8
S31504000DE8154BC1D80C1080101ECC3D1006CE3D0004
S31504000DF8174F01D93A880BB0040C80D9003D00403E
S31504000E081E3F3F10170E80DC062E3F00174C41D9B3
S31504000E1814044029154C41D9174C81D90C08803043
S31504000E281E4F0110174CC1D80C0480181EF002106E
S31504000E38174C01D90C10802026ED02100F008038BB
S31504000E480401C0391540C1D9FAD723103A882110AC
S31504000E58167803884400000116040098174CC1D874
S31504000E68C4DFBF003A708618154CC1D83AB044841A
S31504000E781E2C02101E2B0298CC3F802026A102109D
S31504000E880419C0D8040F00DD1541C1D81741C1D8CB
S31504000E981545C1DC3AC8C5A0040AC0110E01C0999B
S31504000EA81545C1D91546C1DC070480D8264C3E1021
S31504000EB8174581D844008010154581D806483E0058
S31504000EC8174C81D914048031154C81D9174CC1D8D3
S31504000ED80C0880181E270110174C41D90C048028C9
S31504000EE81EBC0210174C81D90C10803026B902108A
S31504000EF80B00003C3A8809000401C0393A882300EB
S31504000F081540C1D9050400D806D33F00174C01D9AA
S31504000F1814040021154C01D9174C41D90C08802812
S31504000F281E080110174CC1D80C0480181EB60210EE
S31504000F38174C01D90C10802026B302100B00003C74
S31504000F48440000010401C0393A8823001540C1D978
S31504000F58050400D806C03F00174F01D93A880BB0DC
S31504000F68040C80D9003D00401EE53E10170E80DCB7
S31504000F780419C0D8174C81D94C0080303A000510A2
S31504000F881EA53E1044008000170D40DC150180188C
S31504000F98174981D8440080944400408C1500801871
S31504000FA8C4018000150E80DC150D40DC0E244214A5
S31504000FB8174F01D93A880BB0040C80D9003D00407C
S31504000FC81ECF3E10170E80DC0419C0D806923E00C8
S31504000FD8174F01D93A880BB0040C80D9003D00405C
S31504000FE826C03E1006C63E00174F01D93A880BB0F4
S31504000FF8040C80D91551C1D9003D00401751C1D9F7
S315040010081EBF3E10170E80DC170D40DC041940DDA8
S3150400101806743E00174F01D93A880BB0040C80D9E0
S315040010281551C1D9003D00401751C1D91EB43E100F
S31504001038041940DD066D3D00174F01D93A880BB0F7
S31504001048040C80D91551C1D9003D00401751C1D9A6
S315040010581EAB3E10170E80DC170D40DC041940DD6C
S3150400106806343E00174F01D93A880BB0040C80D9D0
S315040010781551C1D9003D00401751C1D91EA03E10D3
S31504001088170E80DC170D40DC041940DD061C3E00F3
S31504001098174F01D93A880BB0040C80D91551C1D918
S315040010A8003D00401751C1D91E953E10170E80DC2D
S315040010B8170D40DC041940DD06043E00170500D967
S315040010C80E580201174781D9167A8021174181D80B
S315040010D83A88A5914400408C150080A8C401800074
S315040010E8150180A9150E80DC150D40DC16FC42148A
S315040010F80402C0A8174741D93AC861210E9D3F0486
S31504001108040480000E190214170D40DC3A882710CF
S3150400111874000107841E2DE7C401000506030000B8
S315040011280402C01804FC3F840E13029C0404809431
S315040011384400408C1500001F1501C01C150E80DCE8
S31504001148150D40DC0EF67FA4174F01D93A880BB06B
S31504001158040C80D9003D00401E693E10170E80DC41
S31504001168170D40DC0419C0D806EE3F00174781D88E
S31504001178C4FF3F140E973E04040480000E1800149E
S315040011883A88291074000107841E2DE7C401400516
S31504001198060300000402C09C04FC3F840E1200A44B
S315040011A8040480944400408C1500009F1501009D9A
S315040011B8150E80DC150D40DC0EF67FAC174F01D9F1
S315040011C83A880BB0040C80D9003D00401E4C3E10F2
S315040011D8170E80DC170D40DC0419C0DC06EE3F0050
S315040011E874000107841E2DE73A8825944400408C30
S315040011F8C40180001500009F1501009C150E80DCB3
S31504001208150D40DC0E727E14174F01D93A880BB0BF
S31504001218040C80D9003D00401E393E10170E80DCB0
S31504001228170D40DC0419C0DC066A3E00174F01D9C5
S315040012383A880BB0040C80D91551C1D9003D004039
S315040012481751C1D91E2E3E10170E80DC170D40DC2F
S31504001258041940DD06BA3D00174F01D93A880BB088
S31504001268040C80D9003D00401E253E10170E80DC74
S31504001278170D40DC0419C0DC06423E00174F01D99D
S315040012883A880BB0040C80D9003D00401E1C3E1061
S31504001298170E80DC170D40DC0419C0D8062E3E0054
S315040012A8174C41D94C0080283A0005101EDA3D1027
S315040012B8069F3E001741C1D83A8825914400408CC0
S315040012C8C40180001500C0A8150100A9150E80DC0C
S315040012D8150D40DC166C42140402C0A8174941D9FE
S315040012E844008000440080944400408C1501801812
S315040012F8C401800015004019150E80DC150D40DC6C
S315040013083A8821201656421404024019174781D9EF
S315040013184400408C150D40DC3AC80731174101D901
S315040013283A88E5901501C0283A8805811500802871
S31504001338C4018000150E80DC161D7F140402C02823
S3150400134806B53D001700003C1701403C04028039ED
S3150400135844000001154081D9050400D806BE3E00A4
S315040013681700003C1701403C04028038154081D818
S3150400137806B73E001700003C1701403C040200393A
S31504001388154001D93A880900050400D806B23E007A
S315040013981700C0380401C039154AC1D80ED7001839
S315040013A83AC8C700154AC1D8174C01D90700C0B8AE
S315040013B814010021154C01D906983C00174C81D913
S315040013C80C08803026F60110174B01D9170080380F
S315040013D80401C0391540C1D9FAD707201740C1D925
S315040013E8150000111501C01006693C000700C0B8B5
S315040013F8041B800026558218174C41D91404402929
S31504001408154C41D906853C00174C81D90700C0B84C
S3150400141814088031154C81D906803C00174C81D8B4
S315040014281700003C041EC00094008010154C81D897
S315040014380401C0397400410104076D29040C8000B5
S315040014483A882300840000011540C1D9154DC1D836
S31504001458154441D9450480D88504C0D8050400D864
S31504001468067D3E00174C81D80700C0B814108010BA
S31504001478154C81D806693C00174C41D90C028028C2
S3150400148826E501101700803904028038154081D8F2
S31504001498154281D91701C0391543C1D9174201D953
S315040014A8174341D980ED0640261D0210174201D97B
S315040014B8174341D93A880D003A880F004007094076
S315040014C816D00210174D41D9C411800016104211C6
S315040014D874008101040CAD31154181D9174C01D929
S315040014E8C400C000C4DFBF003A7088203A880F18C9
S315040014F81545C1D8154C01D9154601D8066A3E00CA
S31504001508170080384400C0000401C0391540C1D909
S31504001518040F00D93A880F181545C1D8154101D9C1
S31504001528050F80D8050400D806AC3C0074004101B8
S3150400153804126D29154441D9174C81D90C088030F9
S3150400154826FF00101700003C1701403C04028038AF
S31504001558154081D8174C41D94C0080283A0005100B
S315040015681EB900103AB0448426B70010174D81D925
S3150400157894004029040C800084000001154C41D9CC
S31504001588450480D8850480D9050400D806323E006F
S31504001598740081010407AD31154481D906E63F007C
S315040015A8C40A8000050480D80700C0B8061B3C009E
S315040015B8174C81D80700C0B854008010154C81D840
S315040015C806163C00070480D81E4C00100408800048
S315040015D8050480D80700C0B806103C00174C81D90A
S315040015E80700C0B814028031154C81D9060B3C009B
S315040015F83A88090044020004840240011551C1D9FD
S31504001608C05A0940070000B9174DC1D84400C0BDE7
S31504001618154D01D9174D41D93A88851804F43F1157
S3150400162804F4BF281751C1D92EF3BF80154A01D92E
S3150400163806FC3B00174C81D80700C0B8142080105C
S31504001648154C81D806F53B000700C0B8840A80000B
S315040016584400C0BD26188318154DC1D804F4BF1814
S315040016684402C000367B82183A8821183A88090051
S31504001678840240011551C1D9C05A0940174D41D9B0
S31504001688070080B91751C1D93A88451104F43F11A6
S3150400169804F4BF30154D81D94400C0BD2EF4BF8073
S315040016A83A8827200EDF3B20C4FFFF0406DD3B00F3
S315040016B8050400D8170080390401C0391540C1D97A
S315040016C8154181D926C90130160E0098174101D94A
S315040016D83A880B003A880D98C055054026590210D9
S315040016E81741C1D83AC8CF10169EC1991545C1D914
S315040016F816090038154601D806EB3D000700C0B8A0
S3150400170806C63B00174101D9C0350040154581D8A6
S315040017183A880F100EF73F10154501D8154601D81B
S3150400172806E13D00CC3FC02044008000262D8018E9
S31504001738360E80188400800026FA80187400010189
S3150400174804172D21C03500403A880F101545C1DC11
S315040017580E018098154581D8740081000417AD10D0
S315040017681546C1DC154181D806CF3D00041940D978
S31504001778040F00DD154141D97A970A88174181D9A2
S31504001788FAD00480FAD00688CC0100813AB08428BD
S31504001798C4FFBF31040C0021154181D93AB0CA10DF
S315040017A8050000313A8821103A8823181EF23F288A
S315040017B8174CC1D84C0080183A0005101EB33D10CA
S315040017C8CC3F80201C20801004E0BF10040CC0000D
S315040017D826AEFD10C4FFBF31154181D90500C030BE
S315040017E806AA3D00680080881E2C00101E02008888
S315040017F84402800036290014C41800D9040F00DDF9
S31504001808154101D9174101D9040C808005008020AF
S31504001818069E3D00170D40DC74000107841E2DE763
S315040018283A8825944400408CC40180001500001FA2
S315040018381501001C150E80DC150D40DC16DC7D1424
S315040018480402C01806743C0084000001050400D88C
S3150400185806813D00174C81D93A70C4303A00051008
S3150400186826B33C10174101D9440080944400408CA7
S31504001878C4018000150000A91501C0A8150E80DC56
S31504001888150D40DC16607E140402C0AC06D13C007B
S3150400189874000107841E2DE706493C00040F00DD89
S315040018A8041980DC3A8809803A880B888402800106
S315040018B83A880F0040CD0740040C0012C4FFBF94B9
S315040018C83A8809803A880B88840280013A880F008E
S315040018D805000092806607403A8809103A88211064
S315040018E8680080183A8823181EEE3F101E02001856
S315040018F84402800036EB3F11C4FFBF94154181DCD6
S3150400190806C03F00174C01D94C0080201E9A0010CF
S31504001918041940D9040F00DD154141D9065B3D0081
S31504001928174F01D93A880BB0040C80D9003D004002
S315040019381E733C10170E80DC0419C0D806F93C0047
S31504001948174CC1D80C0480181E710010174C01D905
S315040019580C108020266E00100B00003C3A882300E9
S315040019680401C0391540C1D906FA3E00170D40DCFA
S3150400197874000107841E2DE73A8825944400408C98
S31504001988C40180001500001F1501001C150E80DC1B
S31504001998150D40DC16707D140402C01806753D004A
S315040019A8170E80DC170D40DC7400010784222DE72E
S315040019B806BA3B00174F01D93A880BB0040C80D9F4
S315040019C8003D00401E4E3C10170E80DC0419C0D89A
S315040019D806E33C001700003C3A8809000401C039B4
S315040019E83A8823001540C1D9050400D8061A3D00D3
S315040019F8170080380401C0391540C1D9FAD7231015
S31504001A083A88211006123D001700003C44000001E4
S31504001A180401C0393A8823001540C1D9050400D801
S31504001A28060D3D0074008100041EAD104400809428
S31504001A384400408C150080A84400C000C4018000FE
S31504001A481501C0A8150E80DC150D40DC16CA401415
S31504001A580402C0A81E060020174741D91E04002800
S31504001A68174C81D94C0080303A0005101EEA3B1009
S31504001A7844008000170D40DC15018018174981D8E9
S31504001A88440080944400408C15008018C4018000EA
S31504001A98150E80DC150D40DC16CA40140402C01865
S31504001AA83AC821010E500004040480000E80001474
S31504001AB83A88271074000107841E2DE7C40100051F
S31504001AC8060300000402C01804FC3F840E7A009C36
S31504001AD8040480944400408C1500001F1501C01CA2
S31504001AE8150E80DC150D40DC0EF67FA4174F01D9C0
S31504001AF83A880BB0040C80D9003D00401E003C1007
S31504001B08170E80DC170D40DC0419C0D806EE3F001A
S31504001B181700003C3A8823000401C0391540C1D98E
S31504001B28068C3E00041940D9040F00DD154141D93D
S31504001B38174481D93A970A883AD10480CC0300819C
S31504001B483A8809313AB0842803004021174101D95B
S31504001B583AD106883A882110C4FF3F21154101D994
S31504001B68174181D93AB0C8103A882318050040317C
S31504001B781EEF3F2006C53C00040C8000C41880D91B
S31504001B88040F00DDC51880D8154181D906BF3C006D
S31504001B98170D40DC7400010784222DE706C13B00BB
S31504001BA8174C41D90C048028267C0010170080386D
S31504001BB80401C0391540C1D9174B81D91740C1D979
S31504001BC81500801106723A00174F01D93A880BB0EE
S31504001BD8040C80D9003D00401EC93B10170E80DC5A
S31504001BE8170D40DC0419C0D8174701D9174141D944
S31504001BF84400408C3A882591C40180001500401998
S31504001C0815010019150E80DC150D40DC16E87C1448
S31504001C180402C01806803B001700C03804020039C5
S31504001C28154001D91542C1D81701C0391543C1D980
S31504001C38061A3E003A8805003AC809143A8005117E
S31504001C483AC84B043AC885283A8821203A8823108A
S31504001C5844000001440B8000050480D8067E3C003D
S31504001C68174F01D93A880BB0040C80D9003D0040BF
S31504001C781EA33B10170E80DC170D40DC170500D990
S31504001C88041940D906A13D00174F01D93A880BB06B
S31504001C98040C80D9003D00401E993B10170E80DCC9
S31504001CA8170D40DC170500D90419C0D8068B3D006A
S31504001CB874000107841E2DE73A8825944400408C55
S31504001CC8C40180001500001F1501001C150E80DCD8
S31504001CD8150D40DC16BC7F140402C01806C23F006A
S31504001CE8174F01D93A880BB0040C80D9003D00403F
S31504001CF81E833B10170E80DC170500D90419C0D8BB
S31504001D0806FC3C0074000107841E2DE706DE3B0032
S31504001D1874008100040DAD10154181D806EF3D000D
S31504001D28174201D9174341D980F1064026390010D4
S31504001D38174D41D9C411800016CE40117400810193
S31504001D48040EAD31154181D906E43D00174C01D97D
S31504001D584400C0BD0700C0B814080021154C01D9B9
S31504001D68062E3A001545C1DC161001983A880F98D4
S31504001D78154601D8064C3C00174F01D93A880BB0D2
S31504001D88040C80D9003D00401E5D3B10170E80DC14
S31504001D98170500D90419C0D8062E3F00174CC1D818
S31504001DA80C10801826A00010170080380401C039CA
S31504001DB81540C1D9174B01D91740C1D90D000011D7
S31504001DC806F33900174F01D93A880BB0040C80D9A9
S31504001DD8003D00401E4A3B10170E80DC170D40DC00
S31504001DE8170500D90419C0D8062D3F0084018000C0
S31504001DF8369AC0141545C1DC0E010098154501D85C
S31504001E08740081000410AD103A880F98154181D8E2
S31504001E1806723A00C4FFBF0026E28098174D41D9DE
S31504001E28C419800026DC8028C411800026DA80289C
S31504001E38174C41D9174301D9174281D9144040296F
S31504001E48154C41D916CC00203A8821303A882320EB
S31504001E583A883900174D41D98419800026B7802855
S31504001E688411800026B580284419800026C8802855
S31504001E784411800026C680283A882998174F01D924
S31504001E88040580D83A880D88150180D80406C0D878
S31504001E98040780D83A880B808400C0011502C0D88C
S31504001EA8150380D8150000DD00690240174D81D955
S31504001EB8154181D8C419800026958030174DC1D89C
S31504001EC8C411800026928018174141D9174D81D92B
S31504001ED8841980003A88252D26868030841180004E
S31504001EE8268480303A880D003A880F003A880B8891
S31504001EF83A88098040E508401E7500103A8805901E
S31504001F08150780DC174101D9174D41D9C419C000FA
S31504001F183AC825112668C028C41180002666802878
S31504001F28170500D9174DC1D8441980001655C01095
S31504001F38C4FF3F21150500D90508C0D83A882120D1
S31504001F4816C10020C40A8000450880D844028000CF
S31504001F580EAF00143A882710840B40DC3A880980AF
S31504001F6884024001C0530940040C8010C4FF7F8CCE
S31504001F783A8809808402400105008088C04D0940DA
S31504001F883A88211016F5BF98040CC010C40980D8E5
S31504001F98C4018010C4FF7F89C5FFFF882EA7802847
S31504001FA83A880910040880D98408C0D80300802810
S31504001FB844004029050080184400C01836FB3F2910
S31504001FC83AC88719440080001548C1D83A88CF9082
S31504001FD80E9680144400C0391545C1D91634003804
S31504001FE8CC3F80E01C20801004E0BF10264E001071
S31504001FF8440B8000154781DC154601D8050480D8B2
S3150400200806AB3B00440B8000050480D8062D3D0032
S31504002018174F01D93A880BB0040C80D9003D00400B
S315040020281EB73A1006B53A00170080380401C039BD
S315040020381540C1D9174B41D91740C1D915004011CC
S31504002048065339003A880F981545C1DC154601D858
S3150400205806953B003A882700067239007400C100C9
S315040020680410ED183A880F10154581D81541C1D8C2
S3150400207806DA390074008100040FAD10154181D8C1
S3150400208806163D00174D41D9841980002649802833
S315040020983A880F2016578024174C41D94C008028BB
S315040020A8260100104400C0211545C1D90ECC3F387D
S315040020B8154501D806CA3F00170500D904FFBF0015
S315040020C80E48001116470099154DC1D806F03F0071
S315040020D8170780D82E8BBF143A880790040C000182
S315040020E80500001144008010150780D81EFCBF188F
S315040020F806843F00174181D80700C010040C8000ED
S31504002108265B8018170500D93A88259106753F007D
S31504002118174C01D94C0080203A000510266A3F1056
S31504002128170780D806773F001545C1D9164D0038DC
S31504002138154781DC154601D8065B3B00174F01D9C4
S31504002148040580D8150180D80406C0D8040780D8A9
S315040021583A880B803A880D88C400C0011502C0D895
S31504002168150380D81500C0DC3A882998006902400E
S31504002178154181D806513F001742C1D8174301D9E2
S31504002188440B00073A8821183C00602406313F00B6
S315040021984400009D06393F001E253F984400C004AC
S315040021A806233F008401C00406213F00154501D8D3
S315040021B806EE3E003A880F200E3700011E030098EB
S315040021C8174C81D94C00803026B73F104400802034
S315040021D83A88A7981545C1DC3A880F980E803F9827
S315040021E806B33F00174D81D984FFBF31154D81D9F8
S315040021F8064C3F000E180001440080003A888514F6
S31504002208154581D83A880F100E753F1006A83F0069
S31504002218040CC080040C8000C508C0D8040880D902
S315040022280409C0D8850880D806653F00174C01D92B
S315040022383A708420269C3F1006663F00040880D91D
S315040022488408C0D8065E3F00440B80003AC82101C2
S31504002258450880D8063D3F00840080003AC8051129
S3150400226806E63F00154501D8154781DC06B13F004F
S315040022783A880D003A880F003A8809803A880B880C
S31504002288C0ED0840269F3F10440080003AC809154F
S31504002298150500D9069B3F001E0D0098174CC1D89A
S315040022A84C0080181E0A0010440000013A880F20CA
S315040022B8154501D9064A3F001700C03C0401C03938
S315040022C80E0E3D980700C0B8C4FFFF0406D33800B5
S315040022D88400C09C1545C1DC3A880F980E403F9887
S315040022E806733F00740081000458B4103A8813201A
S315040022F8170000113A8805283A880F303A880B489F
S315040023083A880D1081420040740081000458B410C4
S315040023181700C01004FDFFDE150140DC150000DCC3
S315040023281502C0DF3A8823203A8821282602001895
S31504002338170E8018261F00100B0300810C0280203C
S315040023482628001017044081261D00284C008020EA
S315040023583A000510260B00108C0080202612001067
S315040023683A88050015028080260B00283A8805005D
S315040023781702C0DF170140DC170000DC0403C0DEC7
S315040023883A2800F817058080150200803AC88500A7
S31504002398150680801EF53F280C20802026F33F1062
S315040023A8C4FFBF0006F23F0017058080150280802F
S315040023B806ED3F003A880918C0ED034006DE3F00E3
S315040023C80CA0C0200480800026E0BF183A8809883B
S315040023D83A880B8080C804400B03008117044081A7
S315040023E806DA3F000C04802026ED3F100C018020FD
S315040023F826120010170C4081260500280410808038
S31504002408260280283A88098840290440150C008049
S315040024180B0380801704408115010080CCF6BF1099
S315040024280D038080150040810B0380801402801000
S31504002438CCFF3F110D03808006C33F00170440817B
S3150400244806F93F001704C0281704802004F1FFDEAC
S31504002458150EC0DF150D00DF150CC0DD150B80DD6C
S31504002468150A40DD150900DD1508C0DC150780DCF2
S31504002478150640DC150500DC150300D9150440D9FA
S31504002488167FC010C4FF3F1D1704C0D8170300D910
S315040024983A8805A53A8885100405C01C0405C02594
S315040024A83A88AD983A88C715170040B1170000193D
S315040024B81500C0D844004029150200D9C05909405E
S315040024C83A8839101E3D0010170440D9170300D95D
S315040024D8409B0540162C0010440000E73A880FB8C4
S315040024E83A8811003A880900170040991700C0383D
S315040024F80401C09CCCFFBF283A888520CCFFBF11B5
S31504002508CCFF3F193AD404103AD40A283AC8892188
S315040025183A8809223AD406183A888B283AD40D20E0
S31504002528CCFFBF283AC887183A8887190D0000399E
S315040025388D00C0383AD408280401C0393AD4111891
S315040025482EE9FFB43A8805A53A8885103A8885B8ED
S315040025581700C0101E0C001804FF3F112E0800B9FE
S3150400256817FFBF1026030010060500001700802079
S315040025781E03001004FF3F21C4FF3FA536FB3FB9E5
S31504002588170300D9150400253A8805E0170EC0DF9D
S31504002598170D00DF170CC0DD170B80DD170A40DDA9
S315040025A8170900DD1708C0DC170780DC170640DCAE
S315040025B8170500DC040FC0DE3A2800F83A8823B869
S315040025C83A882598150100D83A882B0017000094F4
S315040025D83A8809E004018094CCFF7F81C05A0940F7
S315040025E83AD40A803A8809E03A88A1A8C05A094028
S315040025F817000089CCFFFF803AD42080CCFF7F21C6
S315040026083AC8CB281701C0D83AD408203A88051402
S315040026183A88CB283AD40D28CCFFFF103AC8C920EB
S315040026283A8889218D0000893AD409200D00408909
S315040026383AD42A100401408C150100D92EE3BFB4FC
S31504002648170200D91EA03F20170080D804FFFF10E8
S315040026582E08C0B817FFBF10260300100605000091
S31504002668170080181E03001004FFFF18C4FF3FA5B7
S3150400267836FBFFB81703C0D81504001D06923F00A1
S315040026883A88050006C13F001710002204DAFFDE67
S31504002698152140DD152000DD151E80DC151D40DCE6
S315040026A81525C0DF152400DF1523C0DD152280DDBE
S315040026B8151FC0DC151C00DC151600D93A88233012
S315040026C83A8829281517C0D9172880DC3A882B3068
S315040026D8260A0040171180203A880B4015018040CD
S315040026E81711C020440080003A98C410150280408F
S315040026F8808505401716C0D81510001816A300883B
S31504002708150000902CFCDFA834FC9F002691801845
S315040027183A880D003A880F003A8809A03A880BA827
S31504002728151200DD151340DDC0ED08401E17001014
S31504002738172780D94400800015008030172980D8CF
S31504002748269B0210172900D974008100441EAD1077
S31504002758C4FFFF10150080203A8805181725C0DF26
S31504002768172400DF1723C0DD172280DD172140DD7B
S31504002778172000DD171FC0DC171E80DC171D40DC80
S31504002788171C00DC0426C0DE3A2800F8171600D900
S31504002798171240D9040180D83A880DA80402C0D972
S315040027A8150080D840E90540150780D83AD504A80D
S315040027B8CCFF0111268600201712C0D834048000E5
S315040027C8C4FFBF101701C0DD3A7084A83A881118EF
S315040027D834FC4F124400BF25150800D83A88050072
S315040027E834FECF003A880B483A8809403A880F18CD
S315040027F83A880D1040740840F4DB180244D8104295
S31504002808F4F44F02C4E9614A3A880F483A880D40FD
S315040028183A880B183A8809108083084074D822022B
S31504002828C42C3242F4F14F02048A624A3A880F48A9
S315040028383A880D403A880B183A880910407C0840B3
S315040028483A8809B03A8821103A882318C00F0940F3
S31504002858F4271402C47E1E42F4F44F02C404514AF7
S315040028683A880F483A880D403A880B183A8809106E
S31504002878808308403A880F183A880B883A880D10DE
S315040028883A880980407C08403A8809103A880B1827
S315040028983A8821103A882318401F09403A880D00BF
S315040028A83A880F003A8809803A880B88150D80D82B
S315040028B84007094016170310170DC0D88405800071
S315040028C82E48C11044000001150C00D93AC885BD2C
S315040028D8C4FFBF11160B0330150A80D9151100D889
S315040028E8170DC0D816FF0218170A00D91509C0D83B
S315040028F8151000D83A88C920150A00D9171700D91F
S315040029084402800036460011440180001604021170
S31504002918440040041717C0D84401800036EDC1109E
S315040029283A88C5183A8885103400C1000451CA1873
S315040029383A88C510170000113A680020302A0004A6
S31504002948302A000430340004083400044C340004EB
S3150400295858340004172700D9C4C3890015008020F9
S31504002968261000A07400C100042AED18172980D97E
S3150400297826793F30C7008018C40000191E100010BD
S31504002988172980D81500001106733F003400A000EB
S31504002998C4FFBF104400C0003A70AA881500C0904E
S315040029A806583F0034048000C4FFBF103A7084A858
S315040029B81EEC3F107400C1000427ED1806EB3F0017
S315040029C8172980D8040200191500001106623F0071
S315040029D81701C0DD170280D804080001840CC1B8A9
S315040029E83A88A3180EB841240410C0003AC8471CF4
S315040029F804F8BF883A98C6A83AD884A03AB0881882
S31504002A08C02C09403A8811103484BF0044000001E0
S31504002A183A88D31044F3BE8D150800D9066F3F00D3
S31504002A28151700D844004004C4FFBF004400C00082
S31504002A38150E80D8152600D8150F80D8150BC0D8C2
S31504002A483A882110171680D815110010171680D841
S31504002A58171140113A88091080DD05401716C0D8A9
S31504002A68150580D81510801884038000366800146C
S31504002A783A0005881E660010170D00D90E300201AB
S31504002A88CC038020FA9004103AD125207400C100A2
S31504002A98043CED183A88C5100C04C09017000014BD
S31504002AA8170140141E6A0318840080052610009036
S31504002AB87400C104046EED9C4C0080903A00051025
S31504002AC81E080010170080991701C0993A880B88C8
S31504002AD83A880980808308403A882110440080B5E2
S31504002AE83A8823187AD025900402C09C1EF23F9097
S31504002AF83A880BA83A8809A03A880F883A880D803C
S31504002B08C0BF08403A8829103A882B18170CC0D831
S31504002B183A0005181E0800103A88050034FCCF0050
S31504002B283A880F183A8809A03A880BA83A880D10EB
S31504002B384007094016FE03103A8809B0C00F094039
S31504002B483A880B183A8809103A880DA03A880FA8CB
S31504002B58808308403A881100340750023A880910DD
S31504002B683A880B183A880F483A880D40407C084042
S31504002B78170F00D93A882D103430BF003A88B9188F
S31504002B883A882FE01E8F02203A8805003405D000C3
S31504002B983A8809A03A880BA83A880F183A880D107B
S31504002BA8407408403A8809103A880FE03A880B18A6
S31504002BB83A880DB03A8825103A88271840F608400E
S31504002BC8164F83003C00E0E03A8809903A880B984F
S31504002BD83A880F183A880DB0400709400E080010C5
S31504002BE83A8827003A882500172680D8170500DF73
S31504002BF8150600D83A308400150D80D8069B0100C6
S31504002C08171280D9171380D83A8829303A882B1096
S31504002C181702C0D816850018170D00D9840380003A
S31504002C2816820011FA900420172680D97400C10070
S31504002C38043CED183A88C510170080141701C0140F
S31504002C48161E0330170500D9170FC0D83A8823A8CB
S31504002C583A8821A03A882B193A883920060F0000A9
S31504002C683A8805003409D0003A8809503A880B583E
S31504002C783A880F183A880D10808308403A880B184A
S31504002C883A880D003A880F003A8809103A882110C4
S31504002C983A882318C0ED0840264500103A880D9056
S31504002CA83A880F983A8809803A880B88C0BF084042
S31504002CB83A880B183A880910401F09403A880910BF
S31504002CC83A882910C00F09403A880F183A8809909B
S31504002CD83A880B983A880D10808308403A880F186A
S31504002CE83A880B883A8809803A880D104074084057
S31504002CF83A881510040C80A0050080E0440000E71B
S31504002D083A8817181ED67FE53A880D503A880F1860
S31504002D183A8809503A880B18407C08403A880D10BE
S31504002D283A8809903A880B983A880F183A882110F5
S31504002D383A88231840070940160800103A880B9861
S31504002D483A880D803A880F883A88099040E5084001
S31504002D581E1700104C0080A026150010170D80D8E9
S31504002D68150480D83A8809E0C4FF3F210700C0202B
S31504002D78440E80001E088018170580D81EFA3F11D5
S31504002D881704C0D8170580D9040C80004400C0185D
S31504002D981504C0D805008030030080201704C0D865
S31504002DA84400002744008010150DC0D80500802073
S31504002DB8171600D9170740D980850540050000E095
S31504002DC8170D80D91727C0D8172900D94400803091
S31504002DD815008018269C02201705C0D81500002760
S31504002DE8065D3E00170D80D97400C100043CED1839
S31504002DF8171200D9FA900430171340D93A88C51027
S31504002E0817000012170140123A880D403A880F48F5
S31504002E18400709400E030010170D80D8C4FFBF10E1
S31504002E28150D80D8150C00D806A83E00170B00D936
S31504002E383AC02C201EC700B0171100DC171080DC1E
S31504002E483A8827000E0B0004170AC0D80E09C000DA
S31504002E583A8805801613011C170A00D9171180D958
S31504002E683AC8A1803AC889203AC88D30150A00D9CB
S31504002E78151180D9171080D80E158000170BC0D8E5
S31504002E883A0005181EC901100E0E8004171600D93B
S31504002E983A880B983A880D90406A0640171600D966
S31504002EA8170780D93A880B103A882710802E0640CF
S31504002EB8171600D9170740D93A8823108085054084
S31504002EC8150740DC171000D93AC88D241E0E0130A8
S31504002ED8171600D9440040043A880B88C0530640A4
S31504002EE8170980D93A8825100E048001171600D9C7
S31504002EF83A880B10406A06403A882510171780D876
S31504002F080EF380883A882300170980D91E9E01305B
S31504002F184400C000170A00D93A88C520CC07C01057
S31504002F281E84001804078000170A00D9171180D9CF
S31504002F383A88A1803A8889203A888D30150A00D9BA
S31504002F48151180D9171180D80E058000170740D9A6
S31504002F58171600D93A880D10C0190640150780D8E7
S31504002F68170AC0D80E05C000171600D93A880B9060
S31504002F783A880D18C01906403A882510170C00D946
S31504002F883A000520266F0110170F00D90E17020103
S31504002F98170B80D93A0005301E8800100E05000468
S31504002FA8171600D93A880B983A880D80C019064036
S31504002FB83A8827103AC004881E5402103A880B9897
S31504002FC8170580DD1506C0DC4C0000A73A882728BB
S31504002FD8170700D93A880B90C0440240170700D94E
S31504002FE8170640D93A882310040CC08D409B054027
S31504002FF8171600D93A880B903A880D983A882910FA
S31504003008000106403A882B10170380101E28011069
S31504003018170700D93A880BA8409B0540171600D90C
S315040030283A8821103A880BA8808505401E0400803A
S31504003038171780D81E0200103AC004E0261701109C
S31504003048160601A01E0400A01717C0D81E020018F1
S315040030583AC004E026010110163D02040500C0B575
S31504003068170580D9170F00D9440080B53A88053169
S31504003078266580B0170740D9171600D9840280013F
S315040030883A880F0080570640150780D8170680D857
S31504003098260CC114170640D9171600D984028001D4
S315040030A83A880F0080570640171600D93A880B98B5
S315040030B8840280013A880F00150680D88057064096
S315040030C83A88271006C23F003AC845243A9888A089
S315040030D8064B3E00C4FFBF0144008000150E80D98C
S315040030E8150F80D9150B80D81716C0D8C4058000CB
S315040030F8151100182E0880150401C0003A88090025
S315040031083A88C71804058018440000212EFCBFB06D
S31504003118171680D915110031170F00DC064B3E002F
S31504003128171780D93A88230004FFBF31151780D9A9
S3150400313806F83D00040880003AC8C9100401C00016
S31504003148165A0019C4008000167E3F110407802011
S3150400315806753F00171780D9440080000EA1801118
S31504003168170F80D91710C0D8C4FFBF3016C68118E8
S315040031783AC8A518170F80D816620210171100DC72
S315040031883A880710170A80D9171180D8171600D954
S315040031983A88CD303A88C51044004001150A80D9CA
S315040031A8151180D8C05306403A88271006253F00D3
S315040031B87400C100041EED1806673D00170580DD7E
S315040031C84400000406070000170740D9171600D95B
S315040031D8840280013A880F0080570640150780D874
S315040031E844000084170700D93A880B90C04402406B
S315040031F8040CC0150500C0B5170FC0D8440080B527
S3150400320816F1FF80150600D8170740D9171600D9F6
S3150400321844008001C01906403A8809103A880B9080
S31504003228150780D8409B05400E3C80003A8809B0B3
S31504003238C4FF3F2103004021440E8000CC3FC02830
S315040032481C20C01804E0FF181E988118170580D999
S315040032581EF7BF21170D80D844000037440080109C
S31504003268150D80D8440C800005008030171600D947
S315040032783A880B908085054026CD3E981706C0D817
S31504003288260400182603C01C171600D93A880B18FA
S3150400329880850540171600D93A880B98808505401D
S315040032A806C33E003A88051806EB3E00170A80D97D
S315040032B81711C0D804FFBF203A888D303A8887187A
S315040032C83A88A180150A80D91511C0D8061D3F0071
S315040032D81E0C3FA034048000C4FFBF103A7084A8B3
S315040032E81E083F102CFC9FA826063F101711C0D8AD
S315040032F8170A00D94400C018440000211511C0D883
S31504003308150A00D906003F00170740D9171600D931
S31504003318406A0640150780D806ED3E001E020010D6
S315040033284C0080B81EC13F10C4FFBFB50700C0B02B
S31504003338040C800026FCBF18440000B706CB3F00E7
S31504003348170D80D93AC88F0126F70138CC0380397E
S31504003358FA900C3074004101043C6D29171200D907
S315040033683A884D311701C03017008030171340D9F9
S315040033783AD121383A880D103A880F1880830840C4
S315040033883A8811103A8813183A8829103A882B185B
S3150400339826E501808400800574004104046E6D8C62
S315040033A84C0080803A0005101E080010170080891A
S315040033B81701C0893A880B483A880940808308402F
S315040033C83A881110440080B53A8813187AD02180B7
S315040033D80402408C1EF23F803A8829403A882B48DA
S315040033E806CA3D00170800D93A0005201EF6011042
S315040033F8171100DC171080DCC40CC11806613F00E5
S31504003408150B00D8172680D9170DC0D8440080306C
S315040034183A88AD18C4FF3FB1150E00D90EF68105DA
S31504003428150F80DD06303F00150B00D8172600D986
S315040034380EEB01013A882D20150E00D9150F00D977
S3150400344806293F0044008001150B80D906F73F0082
S3150400345844000001150B00D906EA3F000E0C0004CF
S31504003468170740D9171600D944008001C019064029
S315040034783A8809103A880B90150780D8409B05406E
S315040034880EE081004400C0BD840E800026A281B8E7
S31504003498440000B70500C0B506743F00440E80001A
S315040034A8269D81B80EFA3F05440CC08D06F83F00E8
S315040034B8171600D93A880BA84400000480850540ED
S315040034C806DF3E00171600D93A880B988402800155
S315040034D83A880F00805706403A882710150680D880
S315040034E806BB3E00171180D9170D80D8150900D8D8
S315040034F83AC88D303AC88700151180D91510C0D836
S3150400350806FE3C003AC88D01151180D9150A00D863
S3150400351806F33C00170D00D9C00F09403A880B88FA
S315040035283A8809803A880F183A880D10C0ED084081
S3150400353826E13C10170D80D9C4FFBF31150D80D97B
S3150400354806DD3C00170700D93A880B90409B0540D6
S315040035580E8D3E10170740D9171600D9840280012C
S315040035683A880F0080570640170D80D9150780D86A
S31504003578C4FFBF31150D80D91EA701B0170E80D818
S31504003588150F80D806803E00170480903A88851067
S315040035983A8885103A88851417040011008805406E
S315040035A80408C0003AC88718065A3E00170740D9C7
S315040035B8171080D9171600D9406A0640150780D80F
S315040035C806433E00170F80D9170D80D8150380D9F6
S315040035D8150480D8170BC0D83A0005181EE2001047
S315040035E8170300D93A88050034F8CF00FA900C205E
S315040035F874000101043C2D213A880B183A880D31D0
S3150400360817FF7F3217FE3F323A8809103A880F4867
S315040036183A880D40C0BF08403A880B183A880DB05E
S315040036283A880FB83A880910407408403A880BA8B3
S315040036383A8809A01519C0D8151880D8401F09401A
S315040036483A8809103A882710C00F09403A880BA807
S315040036583A8809A03A880F183A880D104074084029
S31504003668171880D93A882318151480D83A882D3023
S31504003678170580D9040CC09C151540DC1719C0D849
S315040036880500C034170580D8171940D9171480D9EE
S315040036983A8809B03A880F883A882F1844000017E0
S315040036A840F60840164E8000171480D93A8805005B
S315040036B834FCCF003A880B183A880F883A880910E0
S315040036C840740840171940D93A880F183A8809B03F
S315040036D83A880D1040F6084016A2BD001703C0D854
S315040036E8440080001612C01006453D00171480D900
S315040036F83A88050034FCCF003A880B183A880F88B4
S315040037083A88091040740840171BC0D93A880B1820
S315040037183A8809103A880DB04007094016913D10B9
S31504003728170580D9170300D93A8805312634BDE030
S31504003738340950043A8821003A880BB83A8809B003
S315040037483A880D803A880F8880830840171540D92F
S31504003758171400D93A880F883A880D00151A80D8A4
S31504003768151BC0D8808308403A880B183A88091074
S315040037783A8823183A882110401F09403A880910C4
S315040037883A882B10C00F09403A880B883A88098072
S315040037983A880F183A880D10407408403A88211060
S315040037A8171B00D93A882318151400DC040C40ADFD
S315040037B8151540DC171A80D8050040E53A882F20ED
S315040037C8171BC0D9171400D93A880B883A880D10E4
S315040037D83A882D10440000E7400709400EC33F10FD
S315040037E8170400D9150D00D906713D00171780D99D
S315040037F8840080000EE6BD111EFB3C20171600D976
S315040038083A880B90440180013A880F008057064095
S31504003818170700D93A880B103A882510409B0540AB
S315040038280EF1BC00170DC0D8170500D9150600D827
S315040038384400C018150DC0D8440C80004400002765
S315040038480500802006893E001705C0D806C23B003D
S3150400385874008101046EAD311709C0301708803031
S31504003868171200D9171340D93A880F183A880D1039
S31504003878C0BF0840CC038094C40080053A88291048
S315040038883A882B1806893C00171000D9170980D9DD
S315040038983A8825003AC805113A8889203A888D302D
S315040038A8151000D9150980D906323E00440080282F
S315040038B84400002705008020066C3E00170F80D8B8
S315040038C816E0BC00170F80D91EC53C303A8805009F
S315040038D83405D0003A880B983A880F183A88099024
S315040038E83A880D10808308403A880B183A880FA83E
S315040038F83A8809103A880DA0C0FE08400EB83C1054
S315040039083A8827003A88250006C63F0017014099D9
S31504003918171600D980DD05401704809904030011A1
S31504003928040340993A888D313A888D3104028031EE
S315040039383A88231000640540171600D93A880B887C
S3150400394844008001C01906403A880B10069C3D00C5
S31504003958440E8000267080B8440080B8440000B73E
S31504003968050080B006413E00170380D87400810123
S31504003978043CAD313A8809B0FA900E103A880BB86F
S315040039883A888F3917FEBF38170580D917FFFF38CD
S31504003998440000373A880F183A880D108083084087
S315040039A83A880BA83A8809A03A882F183A882D101D
S315040039B8401F09403A8809103A882710C00F094061
S315040039C83A880BA83A8809A03A880F183A880D103D
S315040039D8407408403A880B181705C0D8040CC09CD4
S315040039E83A8809100500C01C3A882120170300D913
S315040039F8440080003A882328262280203A88291001
S31504003A083A8805003409D0003A880F183A880D1008
S31504003A183A880B883A880980808308403A880B18C4
S31504003A283A8809103A8823183A882110401F094011
S31504003A383A8809103A882B10C00F09403A880B882F
S31504003A483A8809803A880F183A880D104074084055
S31504003A583A880B181705C0D83A880910040C40ADE3
S31504003A683A88051D050040153A882120170300D910
S31504003A78440000A53A8823281EE13FA13A8805E5B3
S31504003A88C4FF3F173A88250034F8CF043A8809B0AA
S31504003A983A880BB83A880D903A880F98407C0840C3
S31504003AA83A880B183A8809103A880D803A880F889C
S31504003AB84007094016AB3C103A8809003A880B9827
S31504003AC83A880FB83A880DB0407408403A880B18FB
S31504003AD83A880F883A8809103A880D8040F60840D3
S31504003AE80E47BC00040CC000C4FF3FE7070080E093
S31504003AF826FDFF10170480D9440000E7150D80D968
S31504003B0806AB3C00170FC0D8171100D93AC8E120F4
S31504003B183A880700069B3D00440E8000050080B0E5
S31504003B28440080B506C13D008400800506F73B00C5
S31504003B38170F00D90E003C01170E80D90E30BC01B0
S31504003B483A8805003409D0003A880BA83A880F1831
S31504003B583A8809A03A880D1080830840440000B1C9
S31504003B683A8821103A882318C00F09403A880B88E6
S31504003B783A8809803A880F183A880D1080830840D5
S31504003B883A881100340750023A880B183A880F48C5
S31504003B983A8809103A880D40407C08403A882D1026
S31504003BA83430BF003A88EF10170D80D8170EC0D8E6
S31504003BB83A882980C4FFBF103A882B88150480D810
S31504003BC81503C0D806833E00170180D8171100DCF8
S31504003BD8171080DC840DC0003AC8871806693D00B2
S31504003BE8440080013A882130150F80D9152680D9DA
S31504003BF8150E80D906933B003A8821B0150F80DD4F
S31504003C0806903B001E223E104C0080B83A00051070
S31504003C181E1F3E10061B3E00171600D93A880B983D
S31504003C28840280013A880F0080570640170EC0D8D0
S31504003C383A882710150FC0D806D33C0004FBFFDECC
S31504003C481503C0DC150280DC1504C0DF150140DC51
S31504003C58150000DC3A8827203A8825282602002001
S31504003C68170E8020265600100B030091CCFFFF2068
S31504003C781C00E0180400E0180C0280181E26001028
S31504003C881701C090140082200D0380903A88091009
S31504003C980E40C000170A0092264000400C008420FB
S31504003CA826530010171400940B0380900C018010FF
S31504003CB81E480010170740913A8809983A880D80DB
S31504003CC83A880F003AE83E401E2680800B0380900F
S31504003CD81704009115010090CCFFBD10CCFFFF100E
S31504003CE80C00C4180D03809015000091262B0018AB
S31504003CF83A8807003A880518151400941704C0DF93
S31504003D081703C0DC170280DC170140DC170000DC4F
S31504003D180405C0DE3A2800F817044094261F0088D4
S31504003D2817008090CC00C018150040943AC8611456
S31504003D38262500183A880500150280900E170004F7
S31504003D481709C090170740913A880D883A880F805A
S31504003D583A8809983AE83E183A88A3883AC8A18066
S31504003D6816F6BF000B038090C4FFFF0014108010E2
S31504003D780D0380903A8805181704C0DF1703C0DCC2
S31504003D88170280DC170140DC170000DC0405C0DEDE
S31504003D983A2800F8170F809016BEBF003A88070025
S31504003DA83A8805181704C0DF1703C0DC170280DC3D
S31504003DB8170140DC170000DC0405C0DE3A2800F8C9
S31504003DC8C0ED034006A83F001705809015028090B1
S31504003DD806DA3F0017018090170CC0903AC8A180F4
S31504003DE826B43F18170F80903AC8A18006B13F0041
S31504003DF8170740913A8809983A880D004400C0018B
S31504003E083AE83E403A882110C4FFBF002602808063
S31504003E18170A009206A43F001700C09844078000BA
S31504003E2826DEBF180B0380903A880780141080108A
S31504003E380D03809006CF3F003400410104114F2939
S31504003E483A88072026050020740081000458B41017
S31504003E58170000113A880B1841C403407400810006
S31504003E680459B4101700001141A404403400810019
S31504003E7804EE9B10150B80203400810004299C1045
S31504003E88150880203400C100040ADC1834008100B7
S31504003E9804F09B100D0340218D0380211509C020D1
S31504003EA8150A80201500002015010020150200209F
S31504003EB81504002015050020150600201507002105
S31504003EC83A2800F83A2800F83A2800F83A2800F878
S31504003ED83A2800F8170E802004FDFFDE150140DCA1
S31504003EE8150000DC1502C0DF44004004040140014B
S31504003EF83A880D003A88212004BB00223A880F200C
S31504003F08260500101702C0DF170140DC170000DC85
S31504003F180403C0DE3A2800F81701002134008100A2
S31504003F2804F08F10C400C000150F808015B9C08036
S31504003F3815BA0082150E408415B8008040E7034080
S31504003F48170200813A880D883A880F808402400156
S31504003F5840E70340170300813A880F808404400130
S31504003F68840080011702C0DF170140DC170000DC5B
S31504003F780403C0DE41E703403A8805003A2800F8FE
S31504003F883A8805003A2800F8740081000458B410E9
S31504003F98170000113400410104E24F29C1B004405E
S31504003FA8740081000458B41017000011340041014C
S31504003FB804E04F29C1B004403400410104205D29BE
S31504003FC8C1B00440740081000459B41017000011EC
S31504003FD801FC034004FCFFDE150000DC3A882128B6
S31504003FE8150140DC041740013A8823203A880980E1
S31504003FF81503C0DF1502C0DCC05A0940040340118A
S315040040083A8809883A882710C0E104400403C01096
S315040040183A8823103A8809183A880D983A880B0082
S31504004028260B0010150100141502C0101500001007
S31504004038007C05403A8805881703C0DF1702C0DCF0
S31504004048170140DC170000DC0404C0DE3A2800F837
S315040040583A8823003A8805881703C0DF1702C0DCAC
S31504004068170140DC170000DC0404C0DE3A2800F817
S3150400407804FDFFDE740081000459B410150000DC49
S3150400408817000014150140DC1502C0DF170E8080E6
S315040040983A8823202626001004B800841701808055
S315040040A817020081C4FFFF10160900180F038020A9
S315040040B8260B0010C4FF7F01060200000F038020B0
S315040040C826070010C4FFFF18041700211EFB7F19DA
S315040040D817008080261900103A88211006EF3F0041
S315040040E8C4FFBF004400C0008D0380200D03C02018
S315040040F815000020150200201501002015040020D3
S315040041081505002015060020150C0020150D0020A5
S3150400411815110020151200203A8805201702C0DF61
S31504004128170140DC170000DC0403C0DE3A2800F857
S315040041383A880980C0ED034006D73F003A880988C3
S3150400414804014001C0FD0340150080801EE23F10B3
S31504004158040380003A8809001500808806EE3F00AB
S3150400416804FBFFDE1503C0DC7400C10404D4EE9C12
S31504004178150280DC150140DC150000DC3A8823288A
S315040041883A8825201504C0DF80070A40170280985C
S315040041983A8809903A880B001701C01004FFBF003B
S315040041A83A70A0183AC86384C4FB438C3AD322886D
S315040041B8C4FF8300C4FF7F8C3A9322880E064014FA
S315040041C880F406401702C0983A8809903AC84B0406
S315040041D83A88C7802609C010C0070A403A880500ED
S315040041E81704C0DF1703C0DC170280DC170140DCA4
S315040041F8170000DC0405C0DE3A2800F83A8809905E
S3150400420880F406403AC84D84C4FFFF003A880990F2
S315040042183A880B007400C101040CFB395400803140
S315040042282609C010170080381702C0983A880990E2
S315040042383AC845141500803815018019C0070A4084
S315040042484400800006E63F0080F406401702809981
S315040042583A880F103A8809903AC88711C40380002F
S31504004268540040190EDCFF1074008100045DB4107C
S315040042781700C01074008100040CBB1015014031EE
S315040042883AC8C7381500C01006D33F0004FDFFDE40
S31504004298150140DC150000DC1502C0DF3A88212828
S315040042A83A882320265A002880070A4004FE3F82BB
S315040042B81701404184FFBF007400810204D4AE5242
S315040042C83A708E283A88CD411701C030170200513A
S315040042D804FFBF003A7092183A88175026670031CF
S315040042E84C0080283A000510150140321E1A0010A9
S315040042F83A880B003A884732170180184C00801018
S315040043081E2300103AC00A283A884F3A1E45002848
S31504004318170200317400810004D6AE10267B802073
S31504004328170380303A88073A1500C0191502001198
S31504004338150380205400803815018040261A002869
S315040043483A8809881702C0DF170140DC170000DC29
S315040043580403C0DEC1070A4017FEBF800402C0502A
S315040043683AC89140170200413A888F382661C0201E
S31504004378170380403A8847323A880B001502001121
S3150400438815038020170180184C00801026DD3F1085
S31504004398540080383A88073A3AC00A2815018040FA
S315040043A81500C0191EE63F28C47F80002E1FC011C1
S315040043B87AD206381E480018FAD00438FA9006103D
S315040043C83A88CD1A170240312659403117018028F8
S315040043D804FFFF003A70C4102E02803817024029E1
S315040043E81EFA7F31170380291503804115024041BF
S315040043F83A8809881503002A150200321702C0DF15
S31504004408170140DC170000DC0403C0DEC1070A40BC
S315040044181702C0DF170140DC170000DC0403C0DE06
S315040044283A2800F81702003106BD3F00FAD00638CC
S315040044384400800017014051FA900818BAD00718AA
S315040044483A88C922170280213A98C41015030041F4
S31504004458150280413AB08A28150200223A8809884A
S3150400446815014051150300321702C0DF170140DC5D
S31504004478170000DC0403C0DEC1070A404C0080288C
S315040044883A884D3A1E07001017FEBF803AC8914075
S31504004498170300411702C0403A888D301502C02020
S315040044A81503001974008100045CB4101700001188
S315040044B85400C030150200521501C04036A03F31E1
S315040044C8740081000402BB10170040113A88098859
S315040044D880160440069A3F00040180002E07C01087
S315040044E8040580003619C010C4168018FA90061000
S315040044F806B33F0044004001067E3F00BAD10438A3
S31504004508040E8010FA90061006AD3F00150300222B
S31504004518150200223A88053A5400C0381500C0111D
S31504004528150200411501C0401503004106843F00E9
S31504004538BAD005104400C000170100513A988618ED
S315040045483AB0C8201501005106A73F00041580009B
S315040045583604C0103AD30438841B8010FA90061027
S3150400456806973F00045580003604C010FAD3043871
S31504004578C41D8010FA90061006913F000455810068
S315040045882E03C010841F800004FCC000068C3F0064
S31504004598BAD40438041F8010FA90061006883F001F
S315040045A81702803004F5FFDE150900DF150780DDE4
S315040045B8150380DC150AC0DF1508C0DD150640DDC5
S315040045C8150500DD1504C0DC150240DC150100DC08
S315040045D83A882D303A8839203A882528261C00102E
S315040045E80B03C0290C0280382627001017048028DC
S315040045F8262500108C008038170040B526280010A0
S315040046083A8821003A8823003A880D883A8809E0CE
S3150400461804008100266E00803A880F8017074091AF
S315040046282E0100143A880F101709C0903AE83E186C
S315040046383A8807103AC8A1803A88A3880E6D800084
S31504004648170280B03AC8C510150280B01EEE3F1096
S315040046583A8809003A880520170AC0DF170900DFD7
S315040046681708C0DD170780DD170640DD170500DDCE
S315040046781704C0DC170380DC170240DC170100DCD2
S31504004688040BC0DE3A2800F8003102401EE400108C
S315040046980B03C091170040B58C0080381ED83F1014
S315040046A84C0080383A000510265700103A8829002D
S315040046B83A882F00264200A00C80803817020094FE
S315040046C8268B00103A880D8036A500A40C20813864
S315040046D826270010170580901704009217004091AA
S315040046E83A8887103A888718FAD708183AC8212AC0
S315040046F8440080803A88C9207AD027203A8885A041
S315040047083A880D982E0280983A8827103A880D1010
S315040047180C00813826B800103A880B303A8809E02C
S31504004728C0E1044026310010170440913A88091064
S315040047383A880D803A882310006405400B03C0901C
S31504004748C4FFBE003A7086181420C0180D03C09022
S315040047583AC8079C3A88058C3A880DA03A8821A05D
S31504004768150080901502C090150440941505C09450
S31504004778170000913A880BB83A8823A0006E0540C2
S315040047881702C090170080903A8827A03AC8071CD9
S315040047983A8805141502C0903A8821A0150080901D
S315040047A8170280B03AC80514150280B026A83F102F
S315040047B83AC869A40B03C0913A88EFBC1EBE3FA051
S315040047C81700C0AD170100AD040240AD06B93F009D
S315040047D8170040AC170100AC040240AD068A3F003E
S315040047E8170440913A8809E04029044004038000EC
S315040047F8150080E00B038090C4FF3F01141080105D
S315040048080D03809006933F003A8827003A882F00C4
S31504004818150000D83A882900261E00981700C0D823
S315040048283AC00418265E00103A8821982E01C0A4BE
S315040048383A8821A0170000911704809017028091E6
S315040048481705C0912E0200113A88E3311616008C1A
S315040048581638C0811709C090170740913A8809E0AD
S315040048683A880DB83AE83E183A8823100EE1BF0094
S315040048783AC869A4261800A0170280B03AC8451495
S31504004888150280B026723F103AC8679C3A886FBCF6
S315040048981EE23F981700C0AD1701C0AC040240AD34
S315040048A8150000D806DC3F003A880BB83A880D880C
S315040048B8006E05401700C0903A8809E03A880B90C4
S315040048C83A88471C1500C09040C403401EC93F10CF
S315040048D83AC869A41EE83FA03A8809E03A880B90CA
S315040048E840C403401EC33F10150000D806E23F002B
S315040048F817000091170480902E0200113A8823802D
S31504004908363100851705C0913618C0A11709C0901D
S31504004918170740913A8809E03A880DB83AE83E18EC
S315040049283A8821100EB3BF003A8823103A88271014
S31504004938069B3F003A880BB83A880D80006E0540FE
S315040049481702C090170080903A8823803AC8071C3B
S315040049583A8805141502C0901500809006C43F00D5
S315040049683A880DA03A8821A006813F003A880BB8F8
S315040049783A880DA0006E05401702C0901700809073
S315040049883A8821A03AC8071D3A8805153A8823A00B
S315040049983A8827A01502C0901500809006803F002B
S315040049A83A8809B8840240013A880D98C0550540EA
S315040049B8261700103AC8C51544000015440080009F
S315040049C8150080D806983F003A880BB83A880D80B7
S315040049D8006E05401700C0903A8809E03A880B90A3
S315040049E83A88071C1500C0903A88278040C40340BB
S315040049F8266B3F10067F3F003A880B403A8809E049
S31504004A08408E064026763F103A88231006503F000B
S31504004A184400C0004400009D1500C0D806823F002B
S31504004A280B0380904402C000C4FF3F011410801099
S31504004A380D0380901500C0E006063F0004F7FFDE6C
S31504004A481503C0DC04B8C024150680DD150540DD51
S31504004A581508C0DF1507C0DD150400DD150280DC66
S31504004A68150140DC150000DC3A882B203A882D28ED
S31504004A78C0EC0340262100983A882F001701809C31
S31504004A881702009CC4FFBF90160D00103A88230035
S31504004A98C4FF3F050F0380804400408C260600109F
S31504004AA88F0380803A880B803A8809A82602001565
S31504004AB83AE83EB03AB0AEB8041700841EF57F94BF
S31504004AC81700C09C1EED3F9800ED03403A8805B8D0
S31504004AD81708C0DF1707C0DD170680DD170540DD98
S31504004AE8170400DD1703C0DC170280DC170140DC5D
S31504004AF8170000DC0409C0DE3A2800F83A882F00BB
S31504004B0806F13F0004F8FFDE1503C0DC04B8C02430
S31504004B18150540DD1507C0DF150680DD150400DD23
S31504004B28150280DC150140DC150000DC3A882B28C8
S31504004B38C0EC0340261F00983A882D001701809C74
S31504004B481702009CC4FFBF90160C00103A88230075
S31504004B58C4FF3F050F0380804400408C26050010DF
S31504004B688F0380803A880980260200153AE83EA811
S31504004B783AB0ACB0041700841EF67F941700C09CA4
S31504004B881EEE3F9800ED03403A8805B01707C0DFCC
S31504004B98170680DD170540DD170400DD1703C0DCA2
S31504004BA8170280DC170140DC170000DC0408C0DEAD
S31504004BB83A2800F83A882D0006F23F001703A0D0D9
S31504004BC83A2800F8740081000430AD103A2800F839
S31504004BD8740081000458B41017000011C1BC0440C5
S31504004BE804FCFFDE7400C100042BED18150280DCFA
S31504004BF8150140DC150000DC3A8823203A8825286C
S31504004C081503C0DF3A8821303A8809303A880B18E8
S31504004C1826090030401007403A880980740041018B
S31504004C2804166D291E0B0010150D008C150C808CAE
S31504004C387400C100042BED183A8805181703C0DF61
S31504004C48170280DC170140DC170000DC0404C0DE10
S31504004C583A2800F8401007403A88070026F23F1021
S31504004C6806F53F00740081010458B4313A880720D8
S31504004C78170000313A880D283A880B1881BE04407B
S31504004C880B03802804EDFFDE151040DC8C00801031
S31504004C98150F00DC1512C0DF151180DC3A882128AF
S31504004CA83A882320260B0010C410C028440080002C
S31504004CB8150580281504C0281500C0281712C0DF5A
S31504004CC8171180DC171040DC170F00DC0413C0DE54
S31504004CD83A2800F88F034029162100283A880DD867
S31504004CE840490740161E0010170180D81400E0003A
S31504004CF80C003C112631C0200B0380800400C80038
S31504004D08140082100D038080261EC020040081042E
S31504004D183A8809883A880B90C0E104403A88091011
S31504004D28263100100B03C0803400810004F08F1074
S31504004D38150F80881420C018150580840D03C080BB
S31504004D4815040081150000811712C0DF171180DCD5
S31504004D58171040DC170F00DC0413C0DE3A2800F8ED
S31504004D680B03C0800C20801826040010041080044D
S31504004D78140082180D03808006E53F0004008104B0
S31504004D8806FB3F008F0340813A8809888050074014
S31504004D9826DE3F100B038080C410C0800400810403
S31504004DA8540080100D038080440080001504C080E0
S31504004DB8150580801500C08006D53F00170AC080F7
S31504004DC83400810004F09B101ECBBF180B038080AF
S31504004DD80400C1003A8825183AB0C4100D0380802F
S31504004DE81513C08006CA3F000B0300810C8080207F
S31504004DF81EB23F10C410C0809400002144008000F5
S31504004E08150580800D0300811504C0801500C08037
S31504004E1806AA3F0004F6FFDEC402C0288405800003
S31504004E28150280DC1509C0DF150800DF1507C0DD8B
S31504004E38150680DD150540DD150400DD1503C0DC07
S31504004E48150140DC150000DC3A8825203612C0100E
S31504004E58040440042E144089040380003A88070099
S31504004E68150080903A8805181709C0DF170800DF6F
S31504004E781707C0DD170680DD170540DD170400DDBA
S31504004E881703C0DC170280DC170140DC170000DCBE
S31504004E98040AC0DE3A2800F804FEBF003A70A218D5
S31504004EA816ED3F8836EC7F893A88099080070A40D0
S31504004EB8C47D80002E2B40147AD206881E3F001823
S31504004EC8FAD00C88FA9004307400C10204D4EE5A5D
S31504004ED83A88CB121703002C3A880F581E04002C64
S31504004EE8060A00000E860018170300842607002CFD
S31504004EF81701808004FFFF003A70C8103AC8472497
S31504004F08C40380000EF7FF10C4FFBF3144004032CB
S31504004F187400810204D6AE521702005426A0808279
S31504004F281701808004FFFF003A70CA103AC84D2C56
S31504004F38C40380001683801115038052150280521B
S31504004F48162900303A884781170180183A8809904B
S31504004F585400801015018018C0070A400402C08056
S31504004F6806C03F007400C10204D4EE5A3A88C58AC2
S31504004F78170300143A880F58FAD00688266C0014CA
S31504004F881701C08004FFBF00170380813A70861892
S31504004F983A88C78017018018170240813A88099011
S31504004FA85400801015018018150240311503802914
S31504004FB8C0070A400402C08006AA3F000401800014
S31504004FC82E05C010040580003678C010C416801952
S31504004FD8FA90043006BC3F00BAD10488040E801146
S31504004FE8FA90043006B83F00C47F800036BB4011EF
S31504004FF8FAD0062804FE3F5744008000FA900818A1
S31504005008BAD007181701C0E13A880959170240218E
S315040050183A98C41015030081150240813AB08E38B7
S315040050281503002C150200241501C0E13A88074827
S3150400503816CD0048BAD00718440080003A98C8101C
S31504005048364400393A70C4211E0A00103A880921E8
S3150400505804FFBF003A7084483A70063904014012C6
S315040050681E0400183A8809213A7004390401404A92
S3150400507826FC3F10FA9004483A88194804FF3F0270
S315040050883A889B583A880768C40340011703001CEA
S315040050981E04001C06A700000EAB0030170300848C
S315040050A826A4001C170180803A7004123AC84D14CD
S315040050B80EF9BF29170300811702C08054004089DE
S315040050C83A8845841502C020150300191501408144
S315040050D83A88871154000031150380501502805010
S315040050E81500801915010011150280121503801286
S315040050F83A880990C0070A400402C08006593F004E
S315040051083A880981170180201702C0801703408155
S3150400511854008010150180201502C0281503401973
S315040051283A880990C0070A400402C080064D3F0029
S3150400513804028080170300141E913F148400401A49
S3150400514806733F005400C0883A8845841501C08018
S3150400515806DF3F00170200E404FFBF001701C08002
S315040051683A882D803A70AA18361640AC3AC849AC23
S31504005178C40380000E130011540080883A884784BB
S315040051881501808054008020150180181502C0E09E
S315040051983A880990C0070A400402C08006313F00D5
S315040051A81701C03904FE3F5706A03F0004158000C6
S315040051B83667C0103AD30488841B8011FA900430E9
S315040051C806413F0017AAA6D01705E0D0C4FF3F053D
S315040051D8040480103A88A7882603001DC4FFC398D0
S315040051E80400BC003A70A6183A8809903A880B98C5
S315040051F880F406403A880910260400153A884B8537
S315040052083A8829102E5A4011260C0087170200E402
S315040052181701C08004FFBF003A708418360340148F
S315040052283AC84914C403800016D33F113A88099032
S31504005238C0070A403A880700060A3F007400C105F9
S31504005248040CFBBD170080B83A888D98150080B900
S315040052581705E0D0C4FFBF00268E80183AC845213A
S315040052683A888530150080B8CC01C0201E5F001826
S315040052783A880B003A88C5A4CCFF83100400C400FE
S315040052883AC887183A88E7283A8809903A880B98DA
S3150400529880F406403A880710C4FFBF00267A8018AF
S315040052A83AC8051D3A8885985400C010170080B876
S315040052B83A8821A01501C0A03A888598150080B8B7
S315040052C8150200E5263600B7C4038001364B40357F
S315040052D844008000150180A006CD3F007AD2082834
S315040052E81E370020FAD00828FA9006203A88D11AE0
S315040052F817028041265B80411701803004FFFF00B6
S315040053083A70C4102E028028170280311EFABF4153
S31504005318170300321701C03915030082150280816C
S315040053287400010704D42EE715030034150200445B
S31504005338063E3F0044000063CC008060265D0010F2
S315040053480402C01806513F003A888980066D3F005A
S31504005358045580003620C010FAD30488C41D801171
S31504005368FA90043006D83E00C400C04806313F000F
S315040053787400C105040CFBBD170080B83A888D98E3
S31504005388150080B91EB23F29CCFF83201EB03F10FA
S31504005398170200E43A88459D540080101501808060
S315040053A81700C0B817ABA6D02E01C01015ABE6D0AF
S315040053B817ACA6D02E96FF1015ACE6D006943F007F
S315040053C804018000361E0011BAD10428040E001107
S315040053D8FA90062006C53F00045581002E1DC0100C
S315040053E8841F800104FC800006B73E000402800086
S315040053F83AC8CB103A886921069E3F0004FEBF00CE
S3150400540804FD3FA93A7088203A880BB14401C000CC
S315040054181502C0281501C028170180B04C00801059
S315040054283AB08420150180B02EDD3F31040240B124
S315040054383A88099040290440170200E406D83F0038
S315040054480405800036150011C4160021FA900620BA
S3150400545806A63F00BAD40488041F8011FA900430C3
S3150400546806993E00BAD009207400410104D46E2975
S315040054784400C000170180283A9806193AB0C410A7
S315040054881501802806A33F003A8827004400C00077
S3150400549806863F00150520D106733F0004158000D3
S315040054A8361900113AD30428841B0011FA900620F1
S315040054B8068E3F003A880B483A880768CC0080284D
S315040054C804FEFF18C4FF7F2926150010170280184A
S315040054D826FAFF103A880921361E3F39261D3F2031
S315040054E83A70C421260200103A88136006E13E0089
S315040054F83A8809213A7004390401006326FC3F10EE
S315040055083A88136006DB3E0004558000360800110D
S31504005518FAD30428C41D0011FA90062006733F0026
S315040055283A3004013A708E381501C0E106E93F00A5
S31504005538045581002E030011841F000104FCC000D9
S31504005548066A3F00BAD40428041F0011FA900620FC
S3150400555806663F00C4008000CC3F40293A880720ED
S315040055682E0280113A708420260B0010C4FF3F31A6
S315040055781E050030062C0000C4FF3F21C4FFBF00EF
S315040055884400C01826288020030080181EFABF2865
S315040055983A8805183A2800F83A8811003A88070024
S315040055A80401C0013A9204404400C0183A885111D3
S315040055B81EFCFF19F4BFBF02C4BFBF5274206002A9
S315040055C80420604AC400C0021700802004FFBF31CB
S315040055D83A880F203AF004123A8887123A70461A23
S315040055E83A3084003A70C410260B00100300802059
S315040055F8260F8028430080204400C021260C8028DA
S31504005608830080208400C02126098028C3008020C6
S31504005618C400C021260680280401002136EABF59A1
S315040056283A88072006D13F003A8805003A2800F848
S315040056383A8805383A2800F8C403C0013A8807208E
S315040056482E0380393AB00429CC00801026090010AC
S31504005658260600303A88CD300300802844004029C5
S31504005668050080184400C0181EFBFF303A88052040
S315040056783A2800F83A8811383A880F201700C028C3
S3150400568804FCBF311500C03817018028150180387D
S315040056981702C0281502C0381703802804044029B5
S315040056A8150380380404C03936F4BF41C4008000A9
S315040056B82E0780113A8807101700802804FFBF3187
S315040056C804014029150080380401C03936FABF1987
S315040056D83A88073806DE3F003A8807283A881120B0
S315040056E82E0C00293A888F292E0AC0212607003055
S315040056F83A8887213AC88D19C4FFFF3903008038D0
S31504005708C4FFFF18050080181EFBBF193A88052038
S315040057183A2800F8C403C001360A803926FB3F300C
S315040057283A880F403A880D320300802844004029FD
S31504005738050080384400C0391EFBBF393A88052065
S315040057483A2800F83AB00419CC0080101EF33F102A
S315040057583A8811383A880B183A880F201700C02857
S3150400576804FCBF311500C03817018028150180389C
S315040057781702C0281502C0381703802804044029D4
S31504005788150380380404C03936F4BF41C4008000C8
S315040057982E0780113A8807101700802804FFBF31A6
S315040057A804014029150080380401C03936FABF19A6
S315040057B83A88113806D93F00C4008000CC3F4029F6
S315040057C83A8807202E0280113A7084202608001091
S315040057D8260500303A8805283A88CD300500801811
S315040057E84400C0181EFDBF193A8805203A2800F857
S315040057F83A920428C40300023A880F203AB084284F
S315040058083A9406103AB0C6102E0A80413A880540E2
S3150400581804FCBF311500C0381501C0381502C0385C
S315040058281503C0380404C03936F9BF11C400800012
S315040058382E05801104FFBF31C40080001500C0384E
S315040058480401C03936FBBF113A88073806E03F0021
S315040058582608002817018028171300213A8885107E
S315040058683A8885103A8805111700C0101500C02813
S31504005878150040113A2800F8ECFFBF202614001042
S315040058883A8807002CC0BF201E0200103A9208204E
S315040058980402C0182C00BC201E0200103A910820ED
S315040058A80401C0182C00B0201E0300103A880521F4
S315040058B88400C0183A888910160300202C0090200A
S315040058C8260600104400C0183A8805183A2800F835
S315040058D83A9408200404C00006EA3F000408C000FD
S315040058E83A8805183A2800F81700C020CC01801811
S315040058F8260A00104C0080183A00051026210010CC
S315040059088C0080181E250010BAD0041884004001A3
S31504005918150080203A8805283A2800F8CCFFBF18D5
S31504005928261500103A880B00CC3F80181E0200107A
S315040059383AD2061804024029CC0380181E02001025
S315040059483AD1061804014029CC0080181E0200101A
S31504005958BAD00618840040294C0080181E0300108B
S315040059687AD00618260A0018440040293A880528D9
S315040059781500C0203A2800F83AD406180404400151
S3150400598806E93F003A880B003A8805283A2800F8C1
S31504005998040840013A8805283A2800F87AD00418F9
S315040059A8440040011500802006DA3F0017048020D1
S315040059B81704C0283AC8CF101E0C00383A88C518F0
S315040059C83A8885100405C010040500213A88CB28B6
S315040059D83A88852004FFBF1004FF7F291700801129
S315040059E81700C0281E03C03036FABF203A88053887
S315040059F83A2800F83603C0304400C0013A8805380E
S31504005A083A2800F8C4FFFF0106F83F002CFC5F297A
S31504005A1834303F013A880B293AC845013AD507106C
S31504005A283A880D000E0440013A880F283A88073848
S31504005A383A8805303A2800F8C404800004FB3F1964
S31504005A480E0CC010C40780003AC8071184078000EA
S31504005A584400400116020011440080003A98CA1016
S31504005A683A880F003A880D283A8807383A88053064
S31504005A783A2800F8340280003AD8CF103A880D0044
S31504005A883A8805303A8807383A2800F817048020F7
S31504005A9804F9FFDE150400DD3A888510040500259F
S31504005AA83A888510150000DC3A88A1A0150540DD62
S31504005AB817FF7F85150140DC1506C0DF3A8809A85B
S31504005AC83A8823281503C0DC150280DC00880540C3
S31504005AD83A880B10040880003AC8451115008088D6
S31504005AE88402800004FFFF8016144011C40280005B
S31504005AF83AC849113627C0A03A880D0044058028BB
S31504005B083AD806A93A9884A834FCCF1C3AB0A4110A
S31504005B183A8805903A8807981706C0DF170540DDC6
S31504005B28170400DD1703C0DC170280DC170140DC0C
S31504005B38170000DC0407C0DE3A2800F8360EC0A0B9
S31504005B4844FD3F293A880D00260F002004088000EA
S31504005B583AC80B113612C0A03A880F003A9804A91D
S31504005B683AD846313A98083134FC8F103AB0A61818
S31504005B783AB0243906E63F0044FD3F2917FEBF81A3
S31504005B8804FEFF801EF13F2034FCCFAC3A88253052
S31504005B9806DF3F0017FFBF183AD80C1106D73F0097
S31504005BA817FFBF183AD84E1106EC3F0004F9FFDE7A
S31504005BB8150240DC3A8823283A880BD81506C0DF34
S31504005BC8150500DD1504C0DC150380DC3A8825209C
S31504005BD840A905403A880988040140D93A8827101B
S31504005BE83A88291840A90540170400891704C09162
S31504005BF8170180D93A880B183AC80F393A88091018
S31504005C08170080D87A910E383A8811203AC8851137
S31504005C183A88C5113A9506103A8813280E0D80005D
S31504005C283A88291D3A880BA03A880F483A88099871
S31504005C383A880D40C0BF08401706C0DF170500DDC7
S31504005C481704C0DC170380DC170240DC0407C0DE37
S31504005C583A2800F83AC8D32806F23F0004FEFFDEC5
S31504005C68C4058000150000DC1501C0DF3A88212030
S31504005C78160C0011FA9004207400C100043CED18B7
S31504005C883A88C51017014012170000123A880748C7
S31504005C983A8805401701C0DF170000DC0402C0DE9D
S31504005CA83A2800F83A88110034FC4F023A8805006D
S31504005CB83409D0003A880B483A8809403A880F18BC
S31504005CC83A880D1080830840C4FF3F843A8811102F
S31504005CD83A8813181EF53F803A8805403A880748DB
S31504005CE81701C0DF170000DC0402C0DE3A2800F8FA
S31504005CF8C4FF7F29170480307AD10B280405803124
S31504005D083A8885103A884B293A884B293A88851067
S31504005D183A880B293A888730040140292E05C03071
S31504005D281700803004018031150080200401002109
S31504005D3836FBFF302E034021150000200401002104
S31504005D4836FD7F213A2800F8170480207AD10728DF
S31504005D58040500210E0DC0103A8885103A8885106E
S31504005D683A888D202E18802117FFBF3004FFFF3094
S31504005D781E0400102E14C02004FFFF1817008018F4
S31504005D8826FC3F10440080003A2800F80E0A8018C2
S31504005D98CC074029260800283A88C5183A88851069
S31504005DA83A888D201700C0303AD844193A984411D5
S31504005DB81EF4BF1806EB3F003A88C5183A888510C2
S31504005DC83A888D2006E73F003A8805003A2800F805
S31504005DD81713C02004FBFFDE1503C0DC150280DCA4
S31504005DE81504C0DF3A882528150140DC150000DCB7
S31504005DF83A88272004048001040140012617001864
S31504005E08440040013A8885943A98A22C3A88851029
S31504005E183A88C7101700001C3A884D8C3A888D3189
S31504005E283A88099804058031261200801700808074
S31504005E381500801815040080150300803A8805802B
S31504005E481704C0DF1703C0DC170280DC170140DC27
S31504005E58170000DC0405C0DE3A2800F88023074052
S31504005E683A8807103A882100151380981EE43F10D3
S31504005E7806F23F008023074026F03F103A88211097
S31504005E88150180141502401406EA3F0004F5FFDEE6
S31504005E981505C0DC4400C004150200DC3A88212834
S31504005EA83A880B981509C0DD150880DD150740DD0D
S31504005EB8150600DD150480DC150340DC150AC0DF71
S31504005EC83A8823303A882D38170BC0DD80DD054023
S31504005ED83A8825103400A000C4FFBF103A70888899
S31504005EE83AD52A2034048000C4FFBF103A70868845
S31504005EF83A0029A83A880B801501C0D804050094ED
S31504005F081E0200A03404C0181501C0D8262700288C
S31504005F183A8809D8150040D9008F05403A880D10EB
S31504005F28263500101701C0D8040880003AC8851120
S31504005F38170000D93A9886183AB006191505C0907C
S31504005F481701C0D83AD886191501C0D83A000B18D3
S31504005F58840080003AC84B111501C080150440918D
S31504005F681E1A00A03A88453544F3BE10440DC000F5
S31504005F78150080B03AC887191500C0B83A88059044
S31504005F88170AC0DF1709C0DD170880DD170740DDCB
S31504005F98170600DD1705C0DC170480DC170340DC90
S31504005FA8170200DC040BC0DE3A2800F8040100D905
S31504005FB8008F054004088011170180D81504C09481
S31504005FC83A880B981505809026E63FA03A88452915
S31504005FD83A8885103A88051417FF3F1184F3FE3072
S31504005FE87A9120281500C0B0008805403AC8A180D7
S31504005FF8150000BC06E13F00170080D815058090FF
S315040060081701C0D806D13F0004FBFFDE150000DCEB
S315040060183A882128150280DC3A880B303A882520EC
S315040060283A880980150140DC1504C0DF1503C0DC75
S315040060383A882330409B054026420010165000102B
S315040060483A882700170140813A88099080DD05407F
S315040060583A881910170480821704808804058081F9
S315040060683A8887523A8885103A88C7183A88851034
S315040060780405008A1503C0643A88DB303A889740D9
S315040060880405C0613A88130017000031170040411F
S3150400609804010042CCFFBF20CCFFFF283AC8C51034
S315040060A83A8845123AD408203AD40A283AD407102A
S315040060B80D0080383AC849213A88C9208D0000392C
S315040060C8040180310401C0393AD4132036EEFF4264
S315040060D82E0C40331700803004018031CCFFFF10AA
S315040060E83A88471A3AD404103AD409180D00C03825
S315040060F83A8805118D0080383AD413100401C03942
S3150400610836F47F3317FFBF3804FFFF381E04001028
S3150400611804FFFF1817008018C4FFBF5226FC3F105F
S315040061283A880560150480621704C0DF1703C0DCCB
S31504006138170280DC170140DC170000DC0405C0DE0A
S315040061483A2800F83A8809903A880B0080DD054019
S315040061583A88191044008000150480603A8805605E
S31504006168150500601704C0DF1703C0DC170280DCBE
S31504006178170140DC170000DC0405C0DE3A2800F8E5
S315040061883A880D884400C0043A8823803A88213026
S3150400619806AC3F0004F9FFDE17048028150000DC6E
S315040061A87AD121301702C02844008010150140DC3A
S315040061B83A88A380150540DD150400DD150280DC48
S315040061C81506C0DF3A8825281503C0DC3A88293025
S315040061D83A882B20170140290E03401C3A88C71811
S315040061E84400402916FD7F1C3A8809A880DD05402D
S315040061F83A882710040540110E0900043A88052830
S315040062083A8807004400C0181500001004018010DD
S315040062181EFCFF803A8805843A8885103A888B28BC
S315040062281704809004050091CC0780A13A8885104C
S315040062383A8885103A888F20261E00300408800084
S315040062483AC891113A880700170080203A988411B1
S315040062583AB08418150080281700C02004010021CC
S31504006268040140293AD8061A36F7FF211500C02832
S31504006278260100184400408CC4FFBF881504809882
S315040062883A8809A83A880B90808505403A88059883
S315040062981706C0DF170540DD170400DD1703C0DC49
S315040062A8170280DC170140DC170000DC0407C0DE97
S315040062B83A2800F8170080200401002115008028D8
S315040062C8040140292EECFF21170080200401002137
S315040062D8150080280401402936F6FF2106E63F000A
S315040062E804F0FFDE150880DC150740DC1704802C53
S315040062F8170440341509C0DC150600DC150FC0DF89
S31504006308150E00DF150DC0DD150C80DD150B40DDFF
S31504006318150A00DD3A8821283A8827300E04409465
S315040063283A8825881704402C3A8827283A88213041
S31504006338170280803A8847941504C0D8170140810B
S315040063480E01C0104400402980DD0540150580D89B
S31504006358170400D91705C0D83A8805213A88851044
S31504006368040500193A888520150380D82E0580204F
S315040063783A8805201703C0D81500001004018010B8
S3150400638836FCFF103A88458C3A8887940405C09DE4
S315040063983A888510040500843A88C7183A8885B867
S315040063A8150000DC150280D83A88F9802E4380B897
S315040063B8150100D9170000B9CCFF3F25261A00A0FD
S315040063C81700C0DC170180DC3A882B001700409CB4
S315040063D8170000943A8809A0CCFF7F89C05A09405F
S315040063E83AD40A88CCFFFF803A88C7A83A8809A015
S315040063F83A88E3103AD42080C05A09403AD4068829
S315040064083A8805140401C09C3A8887188D00C09000
S315040064180D0040943AD42A180401809436EB3F9F21
S3150400642815004095170000B93AD42A20261C00A85E
S31504006438170100D9170000DD3A882D001700C0247B
S315040064483A8825203A882398170000A43A8809A888
S31504006458040100A5CCFF7F81C05A09403AD40688B6
S315040064683AD40A800D00C0943A88C7B03A88E11035
S315040064788D0000943A8809A804018094C05A0940FA
S31504006488170040943AD42080CCFFFF883A88C51078
S315040064983A88A7803AD42C9836EB3FA71500C094BF
S315040064A8170280D80401C0BD2E0480B81701C0D8CD
S315040064B80401C0181501C0D806BE3F00170400D948
S315040064C80E0C00011703C0D817FFBF1804FFFF18E6
S315040064D82603001006070000170080181E05001082
S315040064E8170400D904FFFF18C4FF3F21150400D977
S315040064F81EF93F20170480D81705C0D8150480183C
S315040065083A880518170FC0DF170E00DF170DC0DD10
S31504006518170C80DD170B40DD170A00DD1709C0DCF0
S31504006528170880DC170740DC170600DC0410C0DEF9
S315040065383A2800F804FDFFDE150000DC44000004D8
S31504006548150180DC3A8825283A880B801502C0DFB5
S3150400655880DD054015040014150580141702C0DFF4
S31504006568170180DC170000DC0403C0DE3A2800F8B3
S3150400657804F6FFDE150680DD1704802D150800DFF6
S315040065881507C0DD150540DD150400DD1503C0DC5F
S31504006598150280DC1509C0DF150140DC150000DC96
S315040065A83A882F283A8839203A882B303A88293865
S315040065B80405802C3A882700170040943A880BA8CB
S315040065C84400C09CCCFF3F89C05A09403AD4088885
S315040065D83A8821153A880BA8C05A09403AD4088043
S315040065E8CCFF3F843A8805113A9406103AD4281009
S315040065F83A88071C1500C0900401809416EEBF9DC6
S31504006608260800A0170280B80E1380B03A8885B50C
S315040066183A8885103A88C5154400C0B01505001592
S315040066281504C0B83A8805B81709C0DF170800DF8B
S315040066381707C0DD170680DD170540DD170400DDE2
S315040066481703C0DC170280DC170140DC170000DCE6
S31504006658040AC0DE3A2800F8170140B93A8809E066
S315040066684400402980DD0540170480B9040340B975
S31504006678040300113A888D313A888D310402803139
S315040066883A882310006405403A880BB83A8809E02A
S31504006698808505403A882F8806DC3F0004FAFFDE29
S315040066A8CC008030150400DD1503C0DC150000DCC1
S315040066B81505C0DF150280DC150140DC3A88213057
S315040066C83A8827203A8829281E2B0010BAD0258014
S315040066D8261B00901712009C1E0800800630000036
S315040066E83A880B803A880D803A88099826140090CF
S315040066F817008080261B00103A8821104C008090D1
S315040067083A0005107AD025903A880D803A88099877
S315040067183A880BA01EF23F10802E06403A880BA03A
S315040067283A8809983A882310808505403A88298842
S315040067383A880B803A880D803A8809981EEC3F906F
S315040067483A8805A01705C0DF170400DD1703C0DC67
S31504006758170280DC170140DC170000DC0406C0DEE3
S315040067683A2800F8802E0640150080803A882110C1
S315040067781500001006E13F003A8885107400C10030
S315040067880482ED183A8885103A88C51017FFBF1198
S315040067983A880F00805706403A88291006CB3F00EE
S315040067A83A880998449C4001C053064015128098BB
S315040067B83A8821101500001006D03F0004F9FFDEC0
S315040067C81503C0DC150280DC3A8827283A88252078
S315040067D84402400104020039150400DD150140DCB9
S315040067E81506C0DF150540DD150000DC3A88293892
S315040067F83A882330C04D09404400C0000E3580183D
S315040068083A880B003A88C7184400402916FDBF1871
S315040068183A88099080DD05403A881110170780D810
S315040068284400C00044028001150580401504C04098
S315040068380E2640343A8821303A88AB993A88059C22
S315040068480700C0113A880B403A88099004F4FF39C6
S315040068588402800180570640440000843A88111057
S315040068681EF63F8C3A8845AC04FE7F113A880D889B
S315040068780E0C00353AC885A13A8821283A88A328F7
S315040068880700C0813A880B403A88099004F4FF3916
S315040068988402800180570640440000843A88111017
S315040068A81EF77F843A8805401706C0DF170540DDC2
S315040068B8170400DD1703C0DC170280DC170140DC6F
S315040068C8170000DC0407C0DE3A2800F88402409961
S315040068D806E73F003A880B0006CD3F0004F4FFDEC6
S315040068E8150880DD150480DC150340DC150BC0DFB4
S315040068F8150A00DF1509C0DD150740DD150600DD9C
S315040069081505C0DC150200DC3A8825283A882330A8
S315040069183A882D2026C9002880070A4004FE3F9499
S31504006928C402C08884058000170100822E1BC0108B
S3150400693804FEBF003A708E183A883938161A003899
S31504006948361940E404FF3F013A7026411626C099D9
S315040069583A882B803A882998040200843A880FA832
S315040069683AC80DA7C403800036C1801117018038C0
S315040069783A8849A54C0080103AB084A0150180389D
S315040069881701C0205400C0181501C0203A8809B060
S31504006998C0070A403A882380060600000404C0019A
S315040069A83A8839382EE77FE4040380003A882300BE
S315040069B8150080B03A880588170BC0DF170A00DF70
S315040069C81709C0DD170880DD170740DD170600DD47
S315040069D81705C0DC170480DC170340DC170200DC4B
S315040069E8040CC0DE3A2800F87400810004D4AE1002
S315040069F8170240123A88CD843A882B8026B9403249
S31504006A081701403184FFBF003A7084283A888511FB
S31504006A181701C0104C00C0183A00071826A300181E
S31504006A283A7008293A8829990EA3C0A14C008040D7
S31504006A381E550010170080803AC8AF801701C0B8E9
S31504006A4804FFBF003A708418262E003026B9403257
S31504006A583A88A9983A880925150000D9162AC02122
S31504006A68170380301702C0300409400104FFBF9998
S31504006A78150380181502C010170300B9170280B849
S31504006A883A882BB8040200BC1502802015030011AD
S31504006A9836E48029C40480003A8809903A8811802B
S31504006AA82E0F801117008090040400BA0402009186
S31504006AB8150280B81701C090C40680001503C0B833
S31504006AC82E0780111702C090040600BA0404009128
S31504006AD81504C0B817038090150580B826E7403119
S31504006AE817008020170000DD3A880FB8150080408B
S31504006AF81701C0201501C0401702802015028040E6
S31504006B0806973F003A88A998161FC0A11703C0B86C
S31504006B18170280B804FFBF99040940013A882BB8C4
S31504006B28150280181503C010040200BC36C3802958
S31504006B38C40480003A8809903A8811802E0F80117F
S31504006B4817008090040400BA04020091150280B864
S31504006B581701C090C40680001503C0B82E0780111B
S31504006B681702C090040600BA040400911504C0B8BC
S31504006B7817038090150580B826C740311700802072
S31504006B883A880FB806D93F003A880B883A8809B07C
S31504006B98C0E104403A882310262500101701808096
S31504006BA884FFFF0004FE3F893A70C4103A88858042
S31504006BB82695802004FFBF990409C001364580390B
S31504006BC8C40480003A8809903A880B882E0F8011ED
S31504006BD817008090040240890402009115008088F9
S31504006BE81701C090C40680001501C0882E078011BD
S31504006BF81702C09004044089040400911502C08851
S31504006C0817038090150380882691C03117008020C9
S31504006C18150080281701C0201501C02817028020F6
S31504006C28150280283A880B903A8809B0402904400E
S31504006C383A8809B0C0070A40065E3F003A880B3016
S31504006C48170BC0DF170A00DF1709C0DD170880DD38
S31504006C58170740DD170600DD1705C0DC170480DCBE
S31504006C68170340DC170200DC040CC0DEC1E1044053
S31504006C78170180383A884BE5540000314C008010DF
S31504006C883AB0041715018038150100293A8887296E
S31504006C9817018018040240293A8809B05400801064
S31504006CA8150180184029044006383F003A880D002B
S31504006CB83A880900065D3F001702C0301703803082
S31504006CC83A880F80040200841502C0101503801840
S31504006CD806233F003A8809883A880B90006E0540D7
S31504006CE806D03F00170180300404C0E03A7008114A
S31504006CF83A880599164DFF103AC805173A880B873E
S31504006D0854008010150180281701C0807400810082
S31504006D1804D4AE103A8809B04C00C0183AB0C6E09C
S31504006D28150240111501C080C0070A4004024084B8
S31504006D3806203F003A88A9983A880925040480E081
S31504006D48150100D91670BF201703C0B8170280B8FA
S31504006D5804FFBF9904094001150280181503C010E1
S31504006D68040240BC36418029C40480003A8809904C
S31504006D783A880F882E0F8011170080900404C0B932
S31504006D8804020091150280B81701C090C406800059
S31504006D981503C0B82E0780111702C0900406C0B99F
S31504006DA8040400911504C0B817038090150580B82B
S31504006DB82640403117008020150080381701C0206E
S31504006DC81501C03817028020150280381701C0D86B
S31504006DD83A880BBF3A8809B03AC8051F5400801090
S31504006DE8150180281701C0B87400810004D4AE10B8
S31504006DF8150240114C00C0183AB0C6E01501C0B8D7
S31504006E08C0070A4006EB3E001701802004FFFF0076
S31504006E183A880F803A70C4103A88A9980402008404
S31504006E2806CF3E003A880B903A880980006E0540E2
S31504006E38170000DD3A880FB806C93E003A880B9059
S31504006E483A880980006E05403A880FB806C43E00A1
S31504006E581704C09004064089040600911504C088E6
S31504006E68170580901505808806683F003A880B90B8
S31504006E783A880988006E054006D43F001704C09076
S31504006E8804060091040800BA1506C0B817058090D0
S31504006E98150780B806123F001704C090040600912F
S31504006EA8040800BA1506C0B817058090150780B8F7
S31504006EB806323F001704C090040600910408C0B9BE
S31504006EC81506C0B817058090150780B806B93F009F
S31504006ED83A880D203AC809013AB08821FAD7082019
S31504006EE83400A000C4FFBF103A7044113AB0882099
S31504006EF834FC9F003AC805113AC887003AB0C41052
S31504006F08FAD704104400C0003AC885183A2800F88D
S31504006F183A880D203AC809013AB08821FAD70820D8
S31504006F283400A000C4FFBF103A7044113AB0882058
S31504006F3834FC9F003AC80511FAD704103A2800F819
S31504006F4804FDFFDE150000DC7400010404053B841F
S31504006F58150140DC150000803A8823203A88092860
S31504006F681502C0DFC01F0A403A880710C4FFBF00D5
S31504006F78260680183A8805181702C0DF170140DC70
S31504006F88170000DC0403C0DE3A2800F817008080E6
S31504006F9826F83F10150080883A8805181702C0DFBE
S31504006FA8170140DC170000DC0403C0DE3A2800F8A9
S31504006FB88F0340290130074004FEFFDE150000DC7C
S31504006FC83A8821288F0340291501C0DF80570740D6
S31504006FD83A880710C4FFBF00260980180B0380806F
S31504006FE81514C080140084100D0380803A8805188F
S31504006FF81701C0DF170000DC0402C0DE3A2800F8D7
S315040070080B038080CCFFBB100D0380803A880518DB
S315040070181701C0DF170000DC0402C0DE3A2800F8B6
S315040070280B03802804FBFFDE1503C0DC0C4080102C
S31504007038150280DC150140DC150000DC3A8827308F
S315040070483A8825381504C0DF3A8821283A880D007D
S315040070588400C0013A882320260200108F034029A1
S31504007068805707400B0380808F0340813A8809883C
S31504007078CCFFBB103A880D983A880F900D03808090
S315040070881704C0DF1703C0DC170280DC170140DCD5
S31504007098170000DC0405C0DE011C074004FEFFDE01
S315040070A8150000DC3A8821288F0340291501C0DF22
S315040070B8005F07403A8807101608001017148080E6
S315040070C83A88C510151480803A8805181701C0DF58
S315040070D8170000DC0402C0DE3A2800F80B0380809F
S315040070E8CCFFBB100D0380803A8805181701C0DF52
S315040070F8170000DC0402C0DE3A2800F83AB044213E
S31504007108CC0080101E1D00103A880F201700802816
S31504007118170000213A880D281E168020F4BF3F0266
S31504007128C4BF3F423A8807227420600104206029BC
S315040071383A7046193A3004013A70C4101E1C0010FD
S315040071483A8813403A881128060100001E180018C8
S315040071580401C03917000039040180311700403191
S315040071683A8845223A7004123A3006013A7086186B
S3150400717826F67F213A8809383A880B300700C0205A
S315040071881E05001806060000440000210700C0205A
S3150400719844004029260200180700802826FABF184A
S315040071A80300C020030080283AC885183A2800F846
S315040071B83A8805003A2800F804FDFFDE150000DCCD
S315040071C87400010404053B84150140DC15000080A5
S315040071D83A8823203A8809283A880B303A880D38A1
S315040071E81502C0DFC0240A403A880710C4FFBF004E
S315040071F8260680183A8805181702C0DF170140DCEE
S31504007208170000DC0403C0DE3A2800F81700808063
S3150400721826F83F10150080883A8805181702C0DF3B
S31504007228170140DC170000DC0403C0DE3A2800F826
S3150400723804FEFFDE150040DC3A8823203A88092834
S315040072483A880B301501C0DFC05A09403A880B103A
S315040072583A880988C0E104403A8823100409C00121
S31504007268260D001017FFFF103A88091004FFBF0007
S315040072783A7086183A8887183A880D183A880B009F
S315040072883617C038C40480003608C010150200201A
S3150400729815000020150100203A8805881701C0DF6B
S315040072A8170040DC0402C0DE3A2800F8C406800051
S315040072B81500008815010088040200892EF3FF10C2
S315040072C81502008815030088040400891EEFFF19B7
S315040072D804060089150400881505008806EB3F0096
S315040072E8007C05403A8805881701C0DF170040DC92
S315040072F80402C0DE3A2800F804FDFFDE150000DCAF
S315040073087400010404053B84150140DC1500008063
S315040073183A8823203A8809281502C0DFC0C90940DB
S315040073283A880710C4FFBF00260680183A8805184D
S315040073381702C0DF170140DC170000DC0403C0DEB7
S315040073483A2800F81700808026F83F101500808830
S315040073583A8805181702C0DF170140DC170000DC5D
S315040073680403C0DE3A2800F804FCFFDE150140DCFD
S31504007378150000DC1503C0DF150280DC3A882128D5
S315040073883A88232026290028C0EC034026020088D0
S31504007398170E8088262D00100F03808026220010E1
S315040073A83A8809883A880B8040C403403A882510ED
S315040073B8170B808026040010170740813A8809882D
S315040073C83AE83E10162A00100B0380800C20801021
S315040073D81E230010170C40812605002804108080FF
S315040073E8260280283A88098840290440150C00801A
S315040073F817114081260300283A8809884029044041
S31504007408151100800D03008000ED03403A880590AD
S315040074181703C0DF170280DC170140DC170000DC05
S315040074280404C0DE3A2800F800ED03403A88250033
S315040074383A8805901703C0DF170280DC170140DC81
S31504007448170000DC0404C0DE3A2800F83A880988E4
S31504007458C0ED03400F0380801ED13F1006F23F00A3
S31504007468170440813A8809884029044006D93F0010
S31504007478C4FFBF0406D43F00740081000458B41046
S315040074883A880B20170000110137074004FDFFDE78
S31504007498150000DC7400010404053B84150140DC76
S315040074A8150000803A8823203A8809283A880B3040
S315040074B81502C0DF40D809403A880710C4FFBF0048
S315040074C8260680183A8805181702C0DF170140DC1B
S315040074D8170000DC0403C0DE3A2800F81700808091
S315040074E826F83F10150080883A8805181702C0DF69
S315040074F8170140DC170000DC0403C0DE3A2800F854
S3150400750804FDFFDE150000DC7400010404053B8459
S31504007518150140DC150000803A8823203A8809289A
S315040075281502C0DF80E109403A880710C4FFBF008E
S31504007538260680183A8805181702C0DF170140DCAA
S31504007548170000DC0403C0DE3A2800F81700808020
S3150400755826F83F10150080883A8805181702C0DFF8
S31504007568170140DC170000DC0403C0DE3A2800F8E3
S3150400757804FDFFDE150000DC7400010404053B84E9
S31504007588150140DC150000803A8823203A8809282A
S315040075983A880B303A880D381502C0DF40F709409F
S315040075A83A880710C4FFBF00260680183A880518CB
S315040075B81702C0DF170140DC170000DC0403C0DE35
S315040075C83A2800F81700808026F83F1015008088AE
S315040075D83A8805181702C0DF170140DC170000DCDB
S315040075E80403C0DE3A2800F804FDFFDE150000DCBB
S315040075F87400010404053B84150140DC1500008071
S315040076083A8823203A8809283A880B303A880D386C
S315040076181502C0DF00080A403A880710C4FFBF00F5
S31504007628260680183A8805181702C0DF170140DCB9
S31504007638170000DC0403C0DE3A2800F8170080802F
S3150400764826F83F10150080883A8805181702C0DF07
S31504007658170140DC170000DC0403C0DE3A2800F8F2
S3150400766804F1FFDE3A8815003A8805203A88113075
S31504007678150D00DF150A40DD1508C0DC150EC0DF40
S31504007688150CC0DD150B80DD150900DD150780DC3A
S31504007698150640DC150500DC150380DA3A88274010
S315040076A83A8839103A882B28150480DA1E4000389F
S315040076B83665002A26B50040D4FFBF0036ADC0148F
S315040076C8C43F8000365EC1143A880B003A88050028
S315040076D83AD8849874000101048A2D21040880018B
S315040076E83A8805110300C0103A88C7283AC8E93011
S315040076F81E0A01A03AD42E983AC8EBACCCFFBF9D1B
S31504007708440000053A8809A83A880BB8C0590940C4
S315040077183A880B103A8809B03A882110C05A0940A9
S315040077283A8809A83A880BB83A882310405A094077
S315040077383A9404103AD406E03AB0C4102E0440141D
S315040077483A88C514C4FF3F843601C014365C411414
S315040077583AC863143A8809883A880BB8C059094064
S315040077683A880B103A8809B03A882B10C05A09404F
S315040077783A8809883A880BB83A882510405A094045
S315040077883A940410CCFFFFE03AB0C4102E048014D7
S315040077983A888598C4FF7FAD3601C014363C8114F7
S315040077A83A9404803A8809A03AB084A806150000D9
S315040077B83A880D38366CC029D4FFBF003664C01128
S315040077C8C43F80003618C1113A880B003A88050070
S315040077D83AD8843074000101048A2D210408C001B2
S315040077E83A8805110300C0103A88C7283AC8ED3804
S315040077F81E7300B036014035365BC0E44400800091
S315040078083A880900150380D8170340D93A8807200F
S31504007818150400D93A880528170EC0DF170D00DFAE
S31504007828170CC0DD170B80DD170A40DD170900DDCC
S315040078381708C0DC170780DC170640DC170500DCD0
S31504007848040FC0DE3A2800F8D4FFBF0036560012EB
S31504007858C43F8000360001123A880B003A880500B6
S315040078683AD8849874000101048A2D2104088001F9
S315040078783A8805110300C0103A88C7283AC8CB309D
S31504007888260600283AC845313AD884E03A9846A9E3
S315040078983A9878E13A9866993AB0AA183AD42E985A
S315040078A83A8809A8CCFFBF9C3A880BB8C059094046
S315040078B83A880B103A8809903A882110C05A094028
S315040078C83A8809A83A880BB83A882310405A0940D6
S315040078D83A9404103AD406E03AB0C4102E0440147C
S315040078E83A88C514C4FF3F843601C01436EA4014E6
S315040078F83AC863143A8809883A880BB8C0590940C3
S315040079083A880B103A8809903A882B10C05A0940CD
S315040079183A8809883A880BB83A882510405A0940A3
S315040079283A940410CCFFFFE03AB0C4102E04801435
S315040079383A888598C4FF7FAD3601C01436D98014B9
S315040079483A9404803A8809003AB084A806AD3F0000
S3150400795834408000C4FFBF1036B6C0110404400189
S315040079683A880528069A3F003A8805003A880900A5
S3150400797806A43F0034408000C4FFBF1036B3C014C9
S31504007988040440013A88052806513F0044000001D2
S315040079983A880B00C05909403A882710D4FFBF001B
S315040079A836F4FF1406463F0034408000C4FFBF1077
S315040079B836AC0012040440013A88052806A83F009C
S315040079C83AC8853D3A9888353AD886983AD8A2A8C6
S315040079D83AD884E03AB0EE203AD424B83A9886AD38
S315040079E83A8809883A880B903AB086181501C0D89F
S315040079F8CCFF3FBCC05909403A880B103A88098025
S31504007A083A882910C05A09403A880B903A88098856
S31504007A183A882B10405A0940170140D93A94041061
S31504007A283A98A69D3AD406283AB0C4102E034015AF
S31504007A383A88C515C4FF3FA52E91C0153AC86315E3
S31504007A483A8809883A880B90C05909403A880B1035
S31504007A583A8809803A882B10C05A09403A88098816
S31504007A683A880B903A882110405A0940170180DA5F
S31504007A783A940410CCFFFF503AB0C6102E03001CEB
S31504007A883A88C71DC4FF7FAD2E79C01D3A9404A059
S31504007A983AD42E98CCFFFF9C3AB0A4A8CCFF7F9486
S31504007AA83AD42A903A8809883A880B983AC8211C05
S31504007AB8C05A09403A8809883A880BB83A8829107E
S31504007AC8C05A09403A880B983A8809A83A88231074
S31504007AD8C05A09403A8809A83A880BB83A88271040
S31504007AE8C05A09403A8809103AD404A03A88E38C63
S31504007AF83A8847142E02C01C740080003A888920EC
S31504007B083AD404183A88852036448080263E8080F4
S31504007B183A8805903A880900063A3F003A98269D1D
S31504007B283AC805353AD8A2A83AD42E983AD884E061
S31504007B383A9806AD3A8809883A880BB83AB086184E
S31504007B481500C0D8CCFFBF9DC05909403A880B1010
S31504007B583A8809B0150280D8C05A09403A88098873
S31504007B683A880BB83A882B10405A0940170000D9AE
S31504007B783A9404103AD406203AB0C4102E05401597
S31504007B88170240D93A88C514C4FF7F29150240D97B
S31504007B982E46C0143AC863153A8809883A880BB839
S31504007BA8C05909403A880B103A8809B03A88251012
S31504007BB8C05A09403A8809883A880BB83A88211085
S31504007BC8405A0940170080DA3A940410CCFFFF5053
S31504007BD83AB0C6102E06001C3A88C71CC4FFBF94C8
S31504007BE83603C01C2E02001CC4FFBF943A88C71C67
S31504007BF8170200D93A9838E53AC82B1C3A94042057
S31504007C083AB0A89006BF3E003A9404183A9888E514
S31504007C18CCFFFFA03A88C5102EBDBF20C4FFBF9075
S31504007C283A88090006F73E00040240013A88052806
S31504007C3806E73E00040640013A88052806E43E00A5
S31504007C48040240013A88052806A13E0004064001BC
S31504007C583A880528069E3E00040240013A8805280B
S31504007C6806FF3E00040640013A88052806FC3E0045
S31504007C782E863F1C3A88C71DC4FF7FAD06833F0086
S31504007C882E6E7F15C4FF3FA53A88C515066B3F00BF
S31504007C98C4FF7FAD06C23E00C4FF3F843A88C514BC
S31504007CA806133F00C4FF7FAD06253F002EB97F1596
S31504007CB8C4FF7F293A88C514150240D906B53F0082
S31504007CC8C4FF3F843A88C51406A13E0004F0FFDECB
S31504007CD83A8811303A880D00150B40DD1509C0DCC9
S31504007CE8150600DC150FC0DF150E00DF150DC0DD07
S31504007CF8150C80DD150A00DD150880DC150740DC47
S31504007D083A881728150480D93A882740150580D952
S31504007D183A8821203A882B281E2C00383656002A01
S31504007D28269A0040D4FFBF003692C014C43F800090
S31504007D38365CC1143A880B003A8805003AD8849808
S31504007D4874000101048A2D21040880013A8805116A
S31504007D580300C0103A88C7283AC8E5301EA4009024
S31504007D683AD42E983AC8EBACCCFF3F9D3A882D00FE
S31504007D783A8809A83A880BB8C05909403A880B10BA
S31504007D883A8809A0C05A09403A8809A83A880BB81B
S31504007D983A882310405A09403A9404103AD4068083
S31504007DA83AB0C4102E0340143A88C5143601C014D8
S31504007DB8365841143AC863143A8809883A880BB87D
S31504007DC8C05909403A8809A0065300003A880D3874
S31504007DD82E13C029150400D9150540D9170440D90E
S31504007DE83A8813583A8811283A8805403A88074841
S31504007DF8170FC0DF170E00DF170DC0DD170C80DD67
S31504007E08170B40DD170A00DD1709C0DC170880DCEC
S31504007E18170740DC170600DC0410C0DE3A2800F811
S31504007E28D4FFBF003666C011C43F80003620C11196
S31504007E383A880B003A8805003AD884307400010160
S31504007E48048A2D210408C0013A8805110300C010CC
S31504007E583A88C7283AC8E5381E940090365E4035F5
S31504007E682E5DC0843A8811803A8813A8150400DC6C
S31504007E78150540DD06DC3F00D4FFBF00364A001274
S31504007E88C43F8000360D01123A880B003A88050073
S31504007E983AD8849874000101048A2D2104088001C3
S31504007EA83A8805110300C0103A88C7283AC8C7306B
S31504007EB81EDC00183A882D003AD42E983A8809A868
S31504007EC8CCFFBF9C3A880BB8C05909403A880B10B6
S31504007ED83A880990C05A09403A8809A83A880BB8DA
S31504007EE83A882310405A09403A9404103AD4068032
S31504007EF83AB0C4102E0340143A88C5143601C01487
S31504007F08360241143AC863143A8809883A880BB881
S31504007F18C05909403A8809903A880B10C05A094052
S31504007F283A8809883A880BB83A882B10405A094087
S31504007F383A940410CCFFFF803AB0C4102E044015BE
S31504007F483A88C5143602C0142E0140153A88C51459
S31504007F583AC845153AD884153A881300150480D8C2
S31504007F681704C0D83A880500150580D83A88111828
S31504007F78069D3F0034408000C4FFBF1036C6C014B7
S31504007F88040440013A880528066C3F0044000001B1
S31504007F983A880B00C05909403A882710D4FFBF0015
S31504007FA836F4FF1406613F0034408000C4FFBF1056
S31504007FB836C50012040440013A88052806B43F0071
S31504007FC834408000C4FFBF1036C2C0110404400107
S31504007FD83A88052806983F003AC8C9843A80058134
S31504007FE83AC887A93AC8AB183A882120069D3F00A3
S31504007FF83A98A69C3AC885343AD8A2A83AD42E9870
S315040080083A9886AC3AD884803A8809883A880BB86C
S315040080183AB0B818CCFF3F9DC05909403A880B10AE
S315040080283A8809A0C05A09403A8809883A880BB898
S315040080383A882B10405A09403A9404103AD406E078
S315040080483A882D903AB0C4102E0240153A88C514C1
S315040080582EABC0143AC863153A8809883A880BB80F
S31504008068C05909403A880B103A8809A0C05A0940F1
S315040080783A8809883A880BB83A882B10405A094036
S315040080883A940410CCFFFFE03AB0C4102E0440150D
S315040080983A88C5143602C0142E0140153A88C51408
S315040080A83A98A0843AC86B1506313F003AC88F3C03
S315040080B83A9886343AD8C4993AD8E2A93A988CAC0C
S315040080C83AB0AC183AD42EB03AD8C4813A8809885A
S315040080D83A880BB83AB08C301503C0D9150280D942
S315040080E8CCFF3FB5C05909403A880B103A8809A015
S315040080F83A883910C05A09403A8809883A880BB828
S315040081083A882B10405A0940170200D93A940410A9
S315040081183A98A69C3AD406203A98A0841500C0DC5E
S315040081283AB0C410150100DC2E0340153A888515AB
S31504008138C4FF3FE72E6E80153AC863153A88098846
S315040081483A880BB8C05909403A880B103A8809A0EE
S315040081583A882110C05A09403A880BB83A880988DF
S315040081683A882910405A0940170240D93A9404100B
S31504008178CCFFFF283AB0C4102E0300153A8885159B
S31504008188C4FF3F842E568015170080D93A9422E0FE
S315040081983AD42E303AB06284CCFFFF343AD42A88D3
S315040081A8CCFF7F8C3A8809883A880B983AC82115F7
S315040081B8C05A09403A8809883A880BB83A88291077
S315040081C8C05A09403A880B983A8809A83A8823106D
S315040081D8C05A09403A8809A83A880BB83A88271039
S315040081E8C05A09403A880B103AD404A03A88E38C5A
S315040081F83A8849142E02C024740080003A888B28D1
S315040082083AD404203A940820CCFFFFA03A888D2853
S315040082183A88C920360B8081264080813AC88D81E8
S31504008228060F00003AC8C5303A882D183AD8848013
S315040082383A98C6A83A98A69D3A98A0853AB0AA1834
S31504008248061D3F001700C0D83AC8C5203A808920C1
S315040082583AC887353AC807193AC8CD803A88091002
S31504008268170140D93AC805293A8087283AC8C73039
S31504008278170380D93AD884143A9888193AD8861CA8
S315040082883AB088203A8811203A881318150400D978
S315040082981505C0D806D43E00040640013A880528C8
S315040082A806A63E00040240013A88052806A33E00B5
S315040082B8040240013A88052806DF3E00040240010C
S315040082C83A88052806F23E00040640013A8805283D
S315040082D806EF3E00040640013A88052806D63E0005
S315040082E82EA93F15C4FF3F843A88851506A63F0084
S315040082F82E917F15C4FF3FE73A888515068E3F0001
S315040083082E547F153A88C51406523F003A88C51478
S3150400831806FC3E003A88C51406A63E00170180D816
S3150400832836C83F113A880D0006CD3F0004F8FFDE33
S315040083381503C0DC3A882720170000214400C00032
S31504008348150540DD150400DD1507C0DD150680DDBD
S31504008358150280DC150140DC150000DC3A882B2860
S315040083683A8829302E630019170080282E81801830
S315040083780401C00026DCC020267EC0108400C0008C
S315040083882667C010267BC0201702C09D1702C02886
S315040083981703409C1703C02B3AC8CDB81704809C12
S315040083A81704002C3A88093016970030C40F800049
S315040083B8166B80110EA4000104F8BF3516BC00B074
S315040083C83AD896853A8819003A8813004400000179
S315040083D83A88150016BE00B03A9890253A880F00D8
S315040083E8C4FFBF003A8889383A888B403A80CD2141
S315040083F83A884B313A7004793A7046813AB0C410D7
S3150400840826020010440040023A8815003AB05E5A23
S315040084183AB0A06217014099170180A8266E8028F1
S31504008428266600283AC8457C3A8089783AC88784FB
S315040084383AC809193A880D103A880F201677003871
S315040084481502C0A51504C0A1150100A0150380A135
S31504008458170300A2170440A2C4FFBF003A888B4042
S315040084683A80092A3A888D483400C401C4FFFF3982
S315040084783A888D21361780392665C031170200A33C
S315040084883A880942C4FFBF003A800F223A884B4A09
S315040084983A884F393A8895203A8897383A800D5160
S315040084A83A8899603A88D73234008400C4FFBF10EA
S315040084B83A8811203A881338150300A11504C0A177
S315040084C8150200A33603C0121EEDBF5884FFBF0071
S315040084D82EEBBF12170480A2C40080003400C80023
S315040084E8C4FFFF18170340A2150080A03623801A7C
S315040084F83A8827A03A8805981707C0DD170680DD4D
S31504008508170540DD170400DD1703C0DC170280DCFD
S31504008518170140DC170000DC0408C0DE3A2800F81E
S315040085281EF4FF20150000311701809815018030CC
S315040085381702C0981502C0301703809815038030B7
S315040085481704C0981504C030170180981701C0286D
S315040085583A8827303A70C4101501803006E53F0082
S315040085681626C01D3A8823003A882F183A8825000B
S3150400857806A83F003A8827A806DE3F004400800183
S31504008588FA9704507AD008483AD88A51170200A2B2
S315040085983AB008113A8807003A7084493AB08C20F0
S315040085A83AB0CE28440000423A8827A01504C0A150
S315040085B8150200A2150380A106CE3F003AC8C58B52
S315040085C83A8089883AC807943AC809193A880D102E
S315040085D83A880F2006993F003A88457C3A80C913A1
S315040085E83A8887843A88C920150140A11502C0A58E
S315040085F8150380A0150400A106B63F003A881F009B
S315040086083A88210006833F003AC88D0106673F0071
S3150400861884FFBF0036AF7F1106983F003A880500ED
S315040086283AC889113A8005113AC8CB013AC885284F
S3150400863844008001150180A11502C0A5150300A1F7
S31504008648150480A006823F0026723F2004F8BF3531
S315040086583A88AFB9163100B03AD89A953A881D00C7
S315040086683A880F00440000013A881100162500B024
S315040086783A9894253A881300C4FFBF003A88894873
S315040086883A888B503A804D223A884B313A7004899D
S315040086983A7046913AB0C410260200104400C0014C
S315040086A83A8811003AB0E2693AB0247206593F0092
S315040086B83A880784C40780003AC885113A98861808
S315040086C83AD896793AD898813AB0D61A063E3F00EF
S315040086D87AD00620C40780003AC885113AD890187B
S315040086E83A988E21063E3F001E823F111701C02884
S315040086F817018098267FFF107400C1040485ED9C39
S31504008708067C3F007AD00620C40780003AC8851143
S315040087183AD894183A98922106D73F003A8887940B
S31504008728C40780003AC885113A9886183AD89A89AF
S315040087383AD89C913AB05A1B06C93F0004EAFFDEB0
S315040087481514C0DC0404C0DC3A8811203A881328BE
S31504008758151340DC3A8809D83A880B98040940DC92
S315040087681515C0DF150140DA1503C0D9150000DA5E
S31504008778150280D9C0A90940040200D93A880B8891
S31504008788C0A90940170A80D83A880B883A880998F4
S31504008798040E80D95C008010150A80D8403308403E
S315040087A83A880910807809401715C0DF1714C0DC09
S315040087B8171340DC0416C0DE3A2800F804EAFFDE84
S315040087C81514C0DC0404C0DC3A8811203A8813283E
S315040087D8151340DC3A8809D83A880B98040940DC12
S315040087E81515C0DF150140DA1503C0D9150000DADE
S315040087F8150280D9C0A90940040200D93A880B8811
S31504008808C0A90940040E80D93A8809983A880B8881
S31504008818403308403A880910807809401715C0DFA4
S315040088281714C0DC171340DC0416C0DE3A2800F817
S3150400883804E0FFDE151840DC040440DC3A88112005
S315040088483A881328151700DC3A8809D83A880B8819
S31504008858040900DC151FC0DF150140DA1503C0D969
S31504008868150000DA150280D9151EC0DD151D80DD38
S31504008878151C40DD151B00DD151AC0DC151980DC36
S31504008888C0A90940040200D93A880B80C0A9094046
S31504008898170400D9440080002E1000111709C0D807
S315040088A82E06C01004018000260A802026CC8018D3
S315040088B884008000260980201E198018170AC0D84B
S315040088C8170580D83A8809803AC0C410150A80D892
S315040088D8060700008400800026C38018170580D880
S315040088E8170AC0D83A8809883AC0C410150580D82A
S315040088F880780940171FC0DF171EC0DD171D80DDED
S31504008908171C40DD171B00DD171AC0DC171980DC9D
S31504008918171840DC171700DC0420C0DE3A2800F8D4
S31504008928170780DD170C80DC3A882B003A88230069
S315040089383A880BA83A880DB03A880F881708C0DD1C
S31504008948170DC0DC3A880990405E09403A881B0036
S315040089583A880F683A8809B03A880B003A880D981D
S315040089683A882DB83A882F00151640DB151380D897
S315040089781514C0D81515C0DC405E09403A880DB0F8
S315040089883A880B003A8809903A880FB83A88211031
S315040089983A882318405E09403A8885803A800D143F
S315040089A83A88C7883A88CD303A8829103A882B30CD
S315040089B8171380DA1714C0DA171500DB171640DB0D
S315040089C82E6140343A8809003A8805513A808D1256
S315040089D83A88075D3A88CD303A8821004400400435
S315040089E83A8825103A8827303662C032267A805962
S315040089F83A880B683A880FB83A8809603A880DB0FD
S31504008A08405E09403A8809103A880F003A884515A5
S31504008A183A8011113A88C7193A88C7403A88CB88E8
S31504008A281706C0D83A888980170B80D80401C0185D
S31504008A383A800D243A88C7103A881320170A80D832
S31504008A48170500D93A884D313A8815303AC0882036
S31504008A5834008800C4FFBF10150F00D91510C0D8FC
S31504008A682E1680113A8811183A881F10FA97049816
S31504008A787AD01690FA9706507AD00C487AD00E50C7
S31504008A883AB0D612440080003AB08C193A70884835
S31504008A987AD018983A881B003400A0033A88133011
S31504008AA83A8815383A889140260200203AB0645B21
S31504008AB83AB0A66336EDBF7A151000DA340084009E
S31504008AC8C4FFBF1036148012171000DA3A881F1034
S31504008AD83A88454A3A804D123A8887523A88979492
S31504008AE83A808F5C3A88D99C440000013A88CD3094
S31504008AF83A880F3BC4FF3F423A8813103A88153028
S31504008B083AB01A11163000983A8825583A88273800
S31504008B182EEFBF7A151000DAC43F80003A708E48EB
S31504008B28042080003A8807003A88110026188038FD
S31504008B38C4008000040E00D9151280DA150E80D8F8
S31504008B48151140DA066A3F00262180893A88090009
S31504008B583A8805513A808D123A88075D3A88CD30AD
S31504008B683A8821003A8823003A8825103A8827301B
S31504008B782E9EFF32440080003A8889803A800D246C
S31504008B883A884D343A8821203A88233006983F009B
S31504008B981EE73F40044000013A7004493AB0C41045
S31504008BA81EE33F103AB0C49426E13F103A88C549FB
S31504008BB83A8051123A88914204C03F013A70121120
S31504008BC83A88154006DA3F003A88136806CE3F000D
S31504008BD8367C3F1406DD3F002E85BF1206E53F00AE
S31504008BE8840080001E35BF207400010104852D21F0
S31504008BF8063F3F0004EDFFDE1511C0DC0404C0DCAB
S31504008C083A8811203A881328150E00DC3A8809D8C0
S31504008C183A880B98040900DC1512C0DF150140DAFE
S31504008C281503C0D9150000DA150280D9151080DCA1
S31504008C38150F40DCC0A90940040200D93A880B8004
S31504008C48C0A90940170400D9440080002E0B00115E
S31504008C58170940D92E764011170580D8170AC0D8A7
S31504008C68040180013AF0C410150580D82602802133
S31504008C78840080001E148020260900293A88099851
S31504008C88807809401712C0DF1711C0DC171080DC82
S31504008C98170F40DC170E00DC0413C0DE3A2800F870
S31504008CA87400010104852D21807809401712C0DF5C
S31504008CB81711C0DC171080DC170F40DC170E00DC18
S31504008CC80413C0DE3A2800F8265B8029262D80285E
S31504008CD81706C0D8170B80D81708C0D9170D40DC5B
S31504008CE83AC88B18170780D9170C00DC150640D923
S31504008CF83638403C2636C0893A8815003A881D001D
S31504008D083400C4023A881F003A883F00440F80049E
S31504008D18060F00003A881D603A881F683A880D4095
S31504008D283A880F103A8891317AD008583A808541A2
S31504008D383A88D3393AB0C6283A8845123A88151873
S31504008D483A8817203A880D403A880F10261780FC6F
S31504008D58FA970A587AD006504400C0FF36F17F3C89
S31504008D683AC811343A8005323AC8533C3AB0987234
S31504008D783AB0DA7A3AC885481EE6FF8936E93F34B6
S31504008D8806E43F003A880998150480D98078094092
S31504008D981712C0DF1711C0DC171080DC170F40DC70
S31504008DA8170E00DC0413C0DE3A2800F8C43F80001E
S31504008DB83A709070042080003A8807003A881300B5
S31504008DC8260D80401508C0DB150780DB06AB3F007F
S31504008DD82EC93F343A8885313A8089113A88C73989
S31504008DE83A88C920C4FF7F293A880D103A880F208B
S31504008DF8150640D906C03F001EF23F48044000014C
S31504008E083A7004713AB0C4101EEE3F103AB0C43139
S31504008E1826EC3F103A8805723A8091133A88D14372
S31504008E2804C03F013A701C113A881F4006E53F000A
S31504008E383A88098006923F003A880998150700D8A7
S31504008E48150800D8150600D8068D3F0004EFFFDE86
S31504008E58150F40DC040440DC3A8805203A880728C4
S31504008E68150E00DC3A8809D83A880B88040900DC10
S31504008E781501C0D8150080D8150280D91510C0DF91
S31504008E881503C0D9C0A90940040200D93A880B8041
S31504008E98C0A90940170480D84400C0003A880D18B0
S31504008EA82E068018170980D83A8809883A880B80CC
S31504008EB82E02801840BD09403A880D103A880530BC
S31504008EC81710C0DF170F40DC170E00DC0411C0DED4
S31504008ED83A2800F804EFFFDE150F40DC040440DCF2
S31504008EE83A8805203A880728150E00DC3A8809D8F6
S31504008EF83A880B88040900DC1501C0D8150080D807
S31504008F08150280D91510C0DF1503C0D9C0A90940B8
S31504008F18040200D93A880B80C0A90940170480D8EE
S31504008F284400C0003A880D182E068018170980D800
S31504008F383A8809883A880B802E02801840BD094071
S31504008F483A880D103A8805301710C0DF170F40DC31
S31504008F58170E00DC0411C0DE3A2800F804EFFFDE21
S31504008F68150F40DC040440DC3A8805203A880728B3
S31504008F78150E00DC3A8809D83A880B88040900DCFF
S31504008F881501C0D8150080D8150280D91510C0DF80
S31504008F981503C0D9C0A90940040200D93A880B8030
S31504008FA8C0A90940170480D84400C000C4FFBF0103
S31504008FB82E068018170980D83A8809883A880B80BB
S31504008FC82E02801840BD09403A880D103A880530AB
S31504008FD81710C0DF170F40DC170E00DC0411C0DEC3
S31504008FE83A2800F804EFFFDE150F40DC040440DCE1
S31504008FF83A8805203A880728150E00DC3A8809D8E5
S315040090083A880B88040900DC1501C0D8150080D8F5
S31504009018150280D91510C0DF1503C0D9C0A90940A7
S31504009028040200D93A880B80C0A90940170480D8DD
S315040090384400C000C4FFBF012E068018170980D853
S315040090483A8809883A880B802E02801840BD094060
S315040090583A880D103A8805301710C0DF170F40DC20
S31504009068170E00DC0411C0DE3A2800F804EFFFDE10
S31504009078150F40DC040440DC3A8805203A880728A2
S31504009088150E00DC3A8809D83A880B88040900DCEE
S315040090981501C0D8150080D8150280D91510C0DF6F
S315040090A81503C0D9C0A90940040200D93A880B801F
S315040090B8C0A90940170480D84400C0003A880D188E
S315040090C82E068018170980D83A8809883A880B80AA
S315040090D82E02801840BD09403A880D103A8805309A
S315040090E81710C0DF170F40DC170E00DC0411C0DEB2
S315040090F83A2800F8FAD7062004F6FFDEC4008000F2
S315040091081509C0DF1508C0DC150780DC150640DC28
S31504009118150500DC150080D81501C0D81E0F0020DF
S3150400912884008000150080D83A8809D880780940D8
S315040091383A8809103A880B183A8805203A88072885
S315040091481709C0DF1708C0DC170780DC170640DCE0
S31504009158170500DC040AC0DE3A2800F8040F80006C
S315040091683A000718150280D8261100183A882700ED
S315040091783A882520150300D91504C0DC80700940F7
S31504009188440700110EE83F0144FFBF10160C0010F7
S315040091983A98A2903A882100170280D8150440DC30
S315040091A8150300DC3AC80511150280D806DE3F000F
S315040091B83400A000260A80203AC8090106EB3F00BD
S315040091C87AD00690C40780003AC805113AD886189A
S315040091D83A9822993A9820913AB0621C06EE3F00D2
S315040091E83A8809003478700106D33F0004F8FFDE94
S315040091F83A8805203A8807283A8809D8040240D9C3
S315040092081501C0D8150080D81507C0DFC0A90940C4
S315040092181702C0D8840080001E0580183A88070003
S315040092283A8805181707C0DF0408C0DE3A2800F88C
S31504009238440080002EF9FF100401800026048018DB
S315040092481704C0D816F53F18840780000E08C01006
S31504009258170380D81E1200103400E000C4FFFF185C
S315040092683A8805181707C0DF0408C0DE3A2800F84C
S31504009278040F80003AC8D11004F8BF40170580D9F6
S315040092881706C0D9160800103AD88838170380D8A4
S315040092983A88072026E23F103AC8070106E03F004D
S315040092A83400E00006DE3F003A88C739C407800068
S315040092B83AC805123A9886183AD808323AB00819BC
S315040092C806F23F0004F2FFDE150DC0DF150CC0DD03
S315040092D8150B80DD150A40DD150900DD1508C0DC0F
S315040092E8150780DC150640DC150500DC150100D8D9
S315040092F81E0F002084008000150080D83A8809D8FB
S3150400930880780940170DC0DF170CC0DD170B80DD08
S31504009318170A40DD170900DD1708C0DC170780DCCB
S31504009328170640DC170500DC040EC0DE3A2800F8F0
S31504009338C4008000040FC0003A882F003A882D2004
S31504009348150080D81502C0D8150300D91504C0DD48
S315040093588070094044074012160B004826E73F4828
S3150400936844FFBF10162E00103A98A2B03A8821007E
S31504009378170280D8150440DC150300DC3AC84512E8
S31504009388150280D806DD3F003AC8550204F8BF51D5
S31504009398161B00303AD8A8B93A882B003A880F0029
S315040093A8440000013A881100162500303A98A6218F
S315040093B83A882500C4FFBF003A8889903A888B9872
S315040093C83A808D243A884B313A7004B13A7046B9DA
S315040093D83AB0C410260200104400C0013A881100AD
S315040093E8170200D93AB0C4A13AB006AA3AC8492223
S315040093F81504C0D8150200D9150380D806BF3F0046
S315040094083A88C7BDC40780003AC885123A988618B0
S315040094183AD8A8B23AD8AABA3AB0281D06DF3F0005
S315040094287AD006B0C40780003AC845123AD88618D6
S315040094383A9862BA3A9860B23AB0621C06CC3F00CF
S315040094487AD00620C40780003AC885123AD8A618E6
S315040094583A98A42206D73F002E1B0029161A00287C
S31504009468440080003A880700C407C00106030000C8
S315040094782613C0194400C018160400283A884B2934
S315040094883A88851036FA3F29260D00103A880700CF
S31504009498360240213AC849213AB086187AD00410CF
S315040094A87AD00A281EFA3F10260200303A88052088
S315040094B83A2800F83A8809183A8805203A2800F81C
S315040094C83A88070006F83F00440080003A880700F7
S315040094D806EF3F0004FEFFDE150000DC1501C0DFC1
S315040094E83A882100160C00203A880D00160E00282A
S315040094F8004609403A8807103A0005801E01001004
S315040095083AC8C7003A8805181701C0DF170000DCF7
S315040095180402C0DE3A2800F83AC8090144000004E7
S315040095283A880D000EF23F283AC84B013A002180CA
S3150400953806EF3F0004FFFFDE1500C0DF440080018C
S315040095483A88072816040020160C00281700C0DFDE
S315040095580401C0DE014609403AC80901160B002871
S315040095683A880B1844008001004609403AC8850029
S315040095781700C0DF0401C0DE3A2800F83AC84B01D8
S315040095881700C0DF0401C0DE014609403AC8470196
S3150400959806F33F003A880D0001460940440080015D
S315040095A801460940260A00203A8807004C00802014
S315040095B83A0005107AD008201E0100103A88471987
S315040095C83A884B291EF93F203A8805183A2800F8A4
S315040095D83A8807003A8805183A2800F804F2FFDEA4
S315040095E8150C00DF3AD43830150800DD150540DCC3
S315040095F83AD42820CCFF7F24150400DCCCFF3F3462
S315040096081507C0DC150000D93A8827283A8809883E
S31504009618150140D93A880B80150280D9150DC0DF8B
S315040096281503C0D9150A80DD150940DD3A882D30A1
S31504009638150BC0DD150680DCC05A09403A8809882E
S315040096483A880BE03A882B10C05A09403A880B80AE
S315040096583A8809A03A882310C05A09403A8809A0CA
S315040096683A880BE03A882110C05A0940CCFFFFA873
S315040096783AD42AA83A88238C3A8811103A886BACCB
S315040096883A9404A83A8809B03A880B983A88C710D5
S315040096983AD412A83A880D182E0200AC7400800039
S315040096A83A8891403A8867423A882D30C05A094028
S315040096B8170340D9170000D93A882310C05A09401D
S315040096C83A88CB143A884B893A8805B03A880728E9
S315040096D8170DC0DF170C00DF170BC0DD170A80DD76
S315040096E8170940DD170800DD1707C0DC170680DCFC
S315040096F8170540DC170400DC040EC0DE3A2800F81F
S31504009708D4FFBF00360E0011C43F80000402400196
S315040097183A880700361000113A880B003AD8C62052
S3150400972874008100048AAD103A88871803008018EB
S315040097380408C0003A8885283AC885183A2800F8E3
S315040097480404400134408000C4FFBF103A88072847
S315040097582EF23F11040640013A8807283AD8C62053
S3150400976874008100048AAD103A88871803008018AB
S315040097780408C0003A8885283AC885183A2800F8A3
S315040097881700C02004FDFFDE150000DC150280DC8E
S31504009798150140DC44008000170300223A881F00A4
S315040097A817044022170100242E55C0100401800016
S315040097B8264F801884008000260280183AB0444256
S315040097C81E1A00103A880D003A880F003A881100CC
S315040097D834048000C4FFBF103A881D303A708438B8
S315040097E83A950A402CFCBF793AB08C303404E00030
S315040097F8C4FFFF18FA9704803A70C6303AB046197F
S3150400980834006001C4FF7F293A704A193AB08A289D
S315040098183A8807283A880570170280DC170140DC65
S31504009828170000DC0403C0DE3A2800F817020021FA
S315040098388400BF00163F8020C4FF8000162C001148
S31504009848C43F80003A708C40042080003A880700A0
S315040098583A880F00C4FF8022261E8030C41F800069
S315040098683A8889403A800D223A884D323A8811203E
S315040098783A88133034008800C4FFBF10360D4012EE
S315040098883A9604483AD20C403AD20E48C4FF3F01ED
S315040098983AB08C1134044001C4FF7F293A7004316C
S315040098A83A704639CCFF01523A880D103A880F1897
S315040098B806C73F00FA9708487AD004407AD0064883
S315040098C8440080523AB084203A8811103A88131812
S315040098D806EB3F001EE13F38044000013A7004419C
S315040098E83AB0C41026E33F103A88053006DC3F0038
S315040098F83A880D003A880F00C4FF010206B43F00F7
S315040099083A8805003402C0003AB08C403AB0CE48D2
S31504009918C4FF3F0134044001C4FF7F293A7004316F
S315040099283A7046393A880D103A880F18C4FF01026E
S3150400993806A73F003AC80911040E80001643001111
S3150400994804F8FF21164500383AD8D8493A881B0046
S315040099583A882300440040013A882500164700380F
S315040099683A98D6293A881500C4FFBF003A88895020
S315040099783A888B583A808D223A884B313A7004419A
S315040099883A7046493AB0C41026020010440040040E
S315040099983A882500C43F80003AB04E643A7092383B
S315040099A8042080003AB0906C3A8815002616804840
S315040099B8C41F00013A8805393A80CD113A880D3218
S315040099C83A880F1034008400C4FFBF103A88113057
S315040099D83A880700361B80113A9604403AD208386A
S315040099E83AD20A403A8813183AB00811C4FFBF009D
S315040099F83404C000C4FFFF183A708C203A70CE288D
S31504009A08CCFF014A06723F001EE93F50044000019C
S31504009A183A7004393A8807003AB0C410260600108A
S31504009A283A88453A3A80CD113A880D323A880F1069
S31504009A383A8811303A88070034008400C4FFBF10FE
S31504009A482EE53F124400C00006E33F003A880900A9
S31504009A583A8813003A880B0006E43F003A88474AD6
S31504009A68C40780003AC805113A9886183AD81841A6
S31504009A783AD81A493AB0181B06B53F007AD00628D0
S31504009A88C40780003AC805113AD896183A98142992
S31504009A9806B53F001701C020170040223404800091
S31504009AA8C4FFBF103AD50818FAD70C183A70941898
S31504009AB8CCFF01223A881B283A88174815018029C1
S31504009AC83A8819501E1E00403AB0844A26190010D6
S31504009AD83AD604483A920C5084003F013400C40034
S31504009AE8C4FFFF183AB08C11C40080003A920A48A1
S31504009AF81500806815020069360B80193A880F200C
S31504009B083A8811183A8845293A8049113A8887319A
S31504009B183A88C9203A880B103A880D20C4FFFF39C1
S31504009B282EF83F411502C06915048069150340697A
S31504009B383A2800F884008000150080283A2800F89E
S31504009B48C4FF8100260F80403AD60C483A92065044
S31504009B583A9204483A8809003AB0C63034004401B7
S31504009B683AB00C1144003F423AB04E19C400800082
S31504009B781504C0691502006A150080681503806912
S31504009B883A2800F83AB0844A1E03001004018000FB
S31504009B98150080283A2800F83A880900340240015A
S31504009BA83A7004493A7046513AB0C4102605001072
S31504009BB844008000150080681504006B1503C06A0C
S31504009BC83A2800F81500006806FB3F0017008021B4
S31504009BD84400C0002E0A8019170080282E08801811
S31504009BE80401C0002626C0302622C0108400C00006
S31504009BF82605C0301E07C010170180201E09001054
S31504009C08440080003A2800F81E1AC0103A88050055
S31504009C183A2800F8170100221701802826038040F5
S31504009C2826F73F40C4FFBF003A2800F81702C020B1
S31504009C381702802816FAFF10160980181704C0217F
S31504009C481704C028170380211703802836F4FF1940
S31504009C582605C0383602C0381EECFF192EEBBF3075
S31504009C681EE73F4006EF3F002EFABF1126E43F40A9
S31504009C7806EC3F00170180281EE13F1006E93F0065
S31504009C881EDDBF111701C028170180203AC88518A0
S31504009C983A2800F804FDFFDE1502C0DF150140DC92
S31504009CA8150000DC3A882120161D00200403400113
S31504009CB8C05A09407400C10004E0EF183A88C91074
S31504009CC8261700201700802017048010262100106C
S31504009CD83AE83E103A8823103A88098040190A401F
S31504009CE8160200883A880500061D000074008100E3
S31504009CF80463B410170080101E0300107400C1001A
S31504009D080405FB18060200003AE83E103A880710D4
S31504009D183AC8450415008018C4FFBF0006100000A1
S31504009D28740081000463B410170080101E03001029
S31504009D387400C1000405FB18060200003AE83E1048
S31504009D483A8807104414800015008018C4FFBF0021
S31504009D58060300003A88098040190A403A88050033
S31504009D681702C0DF170140DC170000DC0403C0DE5D
S31504009D783A2800F83A8805303A2800F804FEFFDE47
S31504009D881501C0DF150000DC3A88212816100020CA
S31504009D9804034001C05A09407400C10004E0EF18E6
S31504009DA83A88C910260A0020170080201708801050
S31504009DB8260300103A880B803AE83E100610000085
S31504009DC804008800150180803A880500060C000006
S31504009DD8740081000463B410170080101E03001079
S31504009DE87400C1000405FB18060200003AE83E1098
S31504009DF83A8807104414800015008018C4FFBF0071
S31504009E081701C0DF170000DC0402C0DE3A2800F898
S31504009E1804EFFFDE1510C0DF150F00DC3A88212099
S31504009E281611002004034001C05A09407400C100F9
S31504009E3804E0EF183A88C510260B001017008010A6
S31504009E48170880101E020010440080000612000045
S31504009E583A8809803A880BD840D80940170180D82F
S31504009E6820008810060C0000740081000463B410F6
S31504009E78170080101E0300107400C1000405FB18A7
S31504009E88060200003AE83E103A8807104414800097
S31504009E98150080183A8805001710C0DF170F00DC74
S31504009EA80411C0DE3A2800F804FFFFDE1500C0DFFF
S31504009EB874000101046834217400C10004D1ED184A
S31504009EC82609C020740081010468B4312606801965
S31504009ED80401400117008020150080183A884719A4
S31504009EE83A8849211EFBFF30340001010408002189
S31504009EF83400C1000408C0182609C02034008101B2
S31504009F08045A80312606801904014001170080206E
S31504009F18150080183A8847193A8849211EFBFF30EC
S31504009F287400010104F72C217400C10004F7EC182D
S31504009F382609C0207400810104D1AD312606801992
S31504009F480401400117008020150080183A88471933
S31504009F583A8849211EFBFF3040A80A4080AF0A40D0
S31504009F681700C0DF0401C0DE3A2800F804FDFFDE4E
S31504009F781502C0DF150140DC150000DC3A882128EB
S31504009F883A8823300E020020C4EB3F040610000072
S31504009F9804034001C05A09407400C10004E0EF18E4
S31504009FA83A88C91026170020170080201707801042
S31504009FB81E02001084DE3F04060500003A880B8062
S31504009FC83A880D883AE83E100E1000103A88211097
S31504009FD8740081000463B410170080101E03001077
S31504009FE87400C1000405FB18060200003AE83E1096
S31504009FF83A8807103AC8050415008018C4FFBF003C
S3150400A00806020000C4EB3F0406F13F001702C0DF56
S3150400A018170140DC170000DC0403C0DE3A2800F808
S3150400A02804FEFFDE1501C0DF150000DC3A880900CE
S3150400A038003A0A40C0350A407400810104CDAD31A6
S3150400A0483A8809303A880B3040C90A4017AE26D1F7
S3150400A05817AF66D117B0A6D1401A00403A88211026
S3150400A06844000001C0C909403A88098040160B40DB
S3150400A0783A2800F83A2800F804FDFFDE1502C0DF86
S3150400A088150140DC150000DC3A8821283A8823307B
S3150400A098162C002004034001C05A09407400C1006C
S3150400A0A804E0EF183A88C9102626002017028020F3
S3150400A0B8CC0080104400C0002615C010170080206C
S3150400A0C817058010261200103A880B803A880D88E6
S3150400A0D83AE83E103A8821100E26001074008100D2
S3150400A0E80463B410170080101E0300107400C10026
S3150400A0F80405FB18060200003AE83E103A880710E1
S3150400A1083AC8050415008018C4FF3F040619000060
S3150400A118740081000463B410170080101E03001035
S3150400A1287400C1000405FB18060200003AE83E1054
S3150400A1383A8807104403800015008018C4FF3F04BA
S3150400A148060C0000740081000463B4101700801024
S3150400A1581E0300107400C1000405FB180602000063
S3150400A1683AE83E103A88071044148000150080180F
S3150400A178C4FF3F043A8805801702C0DF170140DC94
S3150400A188170000DC0403C0DE3A2800F804FCFFDEEE
S3150400A1981503C0DF150280DC150140DC150000DC60
S3150400A1A83A882520840080000E0C001174004104AE
S3150400A1B804E06F8C040300043A880B80C05A0940F3
S3150400A1C83A884514150200103A8809903A880B8093
S3150400A1D8C05A09403A884514150000101703C0DF11
S3150400A1E8170280DC170140DC170000DC0404C0DE1B
S3150400A1F83A2800F83A300B0084FFBF003A708428E6
S3150400A2083A700110170CA0D0C400801004FFFF0098
S3150400A2183A70C610150CE0D03A88091934808100C2
S3150400A228040080102E0300113A700128C4FFFF00B1
S3150400A23806020000150C20D13A7001283A88051840
S3150400A2483A2800F804FDFFDE1502C0DF150140DCDC
S3150400A258150000DC3A8821283A882330162B00207A
S3150400A26804034001C05A09407400C10004E0EF1811
S3150400A2783A88C9102625002017028020CC008010B1
S3150400A28826150010170080201706801026120010C5
S3150400A2983A880B803A880D883AE83E103A882110A5
S3150400A2A80E260010740081000463B4101700801091
S3150400A2B81E0300107400C1000405FB180602000002
S3150400A2C83AE83E103A8807103AC80504150080187B
S3150400A2D8C4FF3F0406190000740081000463B41027
S3150400A2E8170080101E0300107400C1000405FB1833
S3150400A2F8060200003AE83E103A8807104403800034
S3150400A30815008018C4FF3F04060C00007400810081
S3150400A3180463B410170080101E0300107400C100F3
S3150400A3280405FB18060200003AE83E103A880710AE
S3150400A3384414800015008018C4FF3F043A88058039
S3150400A3481702C0DF170140DC170000DC0403C0DE77
S3150400A3583A2800F804FEFFDE1501C0DF150000DC0C
S3150400A36874000104044A30843A8809803A880B0048
S3150400A37844018001404E0A4004F63F8174004101BD
S3150400A3880460742980A80A401701C0DF170000DC9E
S3150400A3980402C0DE3A2800F804FFFFDE1500C0DF19
S3150400A3A800F90A40440080003A7001101700C0DF23
S3150400A3B80401C0DE3A2800F804FFFFDE1500C0DFFA
S3150400A3C817000021040A002180690A401700C0DF2B
S3150400A3D80401C0DE3A2800F804FFFFDE1500C0DFDA
S3150400A3E83A88052017000021040A002117024011A3
S3150400A3F880450A401700C0DF0401C0DE3A2800F889
S3150400A40804FFFFDE1500C0DF3A8805201700002187
S3150400A418040A00211702C01140870A401700C0DF4A
S3150400A4280401C0DE3A2800F804FFFFDE1500C0DF89
S3150400A4383A88052017000021040A00211702C011D2
S3150400A448C0700A401700C0DF0401C0DE3A2800F8CD
S3150400A458170C80210C0050293A000B28060300002B
S3150400A4681E02002844FDBF003A2800F8170D802074
S3150400A478260380111709C0201701802036F8BF1853
S3150400A4883A8805003A2800F8170080200401C0100D
S3150400A49837008018040041013A704411260500105B
S3150400A4A8170880203AB04411350080181509002091
S3150400A4B8060600001709C0203400A00004FFBF10D8
S3150400A4C83602C010440080181509802074008100E3
S3150400A4D8040ABB10170080103A2800F804FDFFDEB2
S3150400A4E81502C0DF150100DC3A8821204400C000AB
S3150400A4F81508C020170080203501C010150000D8A3
S3150400A5083A8809283A880B30740081010459A9311C
S3150400A5183A880F8040B90A40150900800402008170
S3150400A52874008100040ABB101700401174008101ED
S3150400A5380424A9313A880F80009F0A400E030010AC
S3150400A5483400A000C4FFBF10150180801702C0DFC5
S3150400A558170100DC0403C0DE3A2800F817000022BD
S3150400A568040180033A889943F4FF7F033700C062E5
S3150400A5780CC08058264500100C408058262100102F
S3150400A588170A802044008010CCFF8110170BC020C6
S3150400A5982616C0101400A002040E40024400C0018E
S3150400A5A8C4FF8101370040413A70842A260D001001
S3150400A5B8170A80203A8805113A8845120500401181
S3150400A5C8170A80203A88C5113A708411150A802022
S3150400A5D8170A80203A88C5113A708411170BC020CF
S3150400A5E81EF0FF103A70442B260600101708802028
S3150400A5F884FFFF003A70C410150880203500806077
S3150400A608370080600C80805826D83F103A70445B27
S3150400A6183AD40A1026D53F28170DC020170C8020D7
S3150400A62826118018040E420244008001C4FFC101A9
S3150400A638170D80203A8805113A88451207008010BC
S3150400A64835008040170D80203A8885113A70C41168
S3150400A658150D80203AC88B2926C43F28170DC0201B
S3150400A668170C80201EF2BF181708C02044FFBF002D
S3150400A6783A7086181508C020170080203A88851372
S3150400A6883500C0103700806006B83F003A2800F845
S3150400A69844809A002603802884809A001E178028FE
S3150400A6A8060D00001701C0203400A000C4FFBF1027
S3150400A6B8261280181700803184FFFF3044FFBF102C
S3150400A6C82E02C0103400A00184FFBF311501802179
S3150400A6D83A8805003A2800F81701C0203400A0007B
S3150400A6E8C4FFBF1026058018170980203A80C510B4
S3150400A6F8150080303A8805003A2800F8C4F9BF00E6
S3150400A7083A2800F804F6FFDE1509C0DF150800DF4D
S3150400A7181507C0DD150680DD150540DD150400DDC9
S3150400A7281503C0DC150280DC150140DC150000DCCD
S3150400A7383A8825203A882F283A8827303A8839389B
S3150400A7480E2280013A882BB8170A8095170B409475
S3150400A758360240B43AC861B4060200000400820016
S3150400A7683AC86114260D00803A882998361D009C3B
S3150400A778040E40913A8809A83A884B2C3A880D80E9
S3150400A788006405403A882BAC3AC8279C3A88458425
S3150400A798CCFF8110150B809016EBFF041E1CC0AD70
S3150400A7A80C0090E01E0D0010170A80901E0380B05E
S3150400A7B81709C0901701809036FBBF18170A8090B6
S3150400A7C8260480B00E03C00406DE3F000C00903851
S3150400A7D81E020010C4FEBF000618000044FDBF0098
S3150400A7E806160000040E40913A8809A83A884B894F
S3150400A7F83A880D98006405403A88EBAC3A882700F5
S3150400A8083A8845A4CCFF8110150B809006E33F00D7
S3150400A8183A30090084FFBF003A7084203A70011068
S3150400A8281708809054008010150880901700C0906F
S3150400A838350180183A7001203AC8C5AD1709C0DF3A
S3150400A848170800DF1707C0DD170680DD170540DD8A
S3150400A858170400DD1703C0DC170280DC170140DC8F
S3150400A868170000DC040AC0DE3A2800F804F8FFDE04
S3150400A8781507C0DF150680DD150540DD150400DD66
S3150400A8881503C0DC150280DC150140DC150000DC6C
S3150400A8983A8821203A882D283A8811303A882B3864
S3150400A8A8160680013A882928062100003AC885A593
S3150400A8B80643000044FDBF00064100003A882928E3
S3150400A8C8170C8084170D40812E0340913AC8852CB5
S3150400A8D8C4FFBF11060600002603002804008200F0
S3150400A8E83AC88D1406020000C4FF81003AC88D14C4
S3150400A8F8262600303A8827403A8823302E0180419C
S3150400A9083A882340040E02813A8889243A880BA09F
S3150400A9183A880D88006405403A8869A43AC8519C67
S3150400A9283A884594CCFF8110150C808016E43F02C2
S3150400A9383A30090084FFBF003A7084203A70011047
S3150400A9481708808094008010150880801700C0803E
S3150400A958350180183A70012006070000170D80801B
S3150400A9681E0340111709C0801701808036FBBF18E3
S3150400A978170D80801EED7F111ECC3FB50C0090A8E4
S3150400A9881ECC3F10C4FEBF00060D00003A30090075
S3150400A99884FFBF003A7084203A700110170880803B
S3150400A9A894008010150880801700C080350180182F
S3150400A9B83A7001200C0090A826E83F1006EE3F00E6
S3150400A9C81707C0DF170680DD170540DD170400DD0D
S3150400A9D81703C0DC170280DC170140DC170000DC13
S3150400A9E80408C0DE3A2800F874008100040ABB1083
S3150400A9F8170080101E02001084DEBF003A2800F8F3
S3150400AA081E02002084FABF003A2800F815038021A4
S3150400AA181505C0213A300F0084FFBF003A70843808
S3150400AA283A70011074008100040BBB101700C010A3
S3150400AA38440080013A8885193A88852815028020B9
S3150400AA482E02C0100504802106010000050400201A
S3150400AA58740081000466B410150180201700C01024
S3150400AA681500C0201700C0101501001915000011A3
S3150400AA783A7001383A8805003A2800F83A2800F866
S3150400AA8804FFFFDE1500C0DF26020020170280201F
S3150400AA981E0D0010740081000463B41017008010A2
S3150400AAA81E0300107400C1000405FB18060200000A
S3150400AAB83AE83E103A880710840580001500801885
S3150400AAC884FABF00060700001501402117008028F4
S3150400AAD8150080201700802815010011150000298B
S3150400AAE83A8805001700C0DF0401C0DE3A2800F8DA
S3150400AAF83A2800F8FA3005004400C0003A98461986
S3150400AB083A70C4103AC004103A2800F83A300D00D6
S3150400AB1884FFBF003A7084303A7001107400C10093
S3150400AB280409FB1817000019440080003A984411D8
S3150400AB383AB004111500801817008018FA7001102D
S3150400AB483A7001303A8805003A2800F83A300D0080
S3150400AB5884FFBF003A7084303A7001107400C10053
S3150400AB680409FB181700001984FFBF003A1844119A
S3150400AB783A7004111500801817008018FA7001102D
S3150400AB883A7001303A8805003A2800F804FEFFDED8
S3150400AB981501C0DF170280D8150080D840BB0A40CB
S3150400ABA81701C0DF0402C0DE3A2800F804FEFFDEFF
S3150400ABB81501C0DF150000DCC40780000E02401131
S3150400ABC884FABF00060F00003A30210084FFBF0054
S3150400ABD83A7084803A700110FA9004287400C1000F
S3150400ABE80416FB183A88C510150080111501C01102
S3150400ABF82602003040B10A400601000040B50A406A
S3150400AC083A7001801701C0DF170000DC0402C0DEB9
S3150400AC183A2800F804FDFFDE1502C0DF150140DC02
S3150400AC28150000DC3A8823203A8809283A880B302C
S3150400AC383A880D38C0D20A403A882110160E0010F8
S3150400AC483A88091004034001C05A09407400C10037
S3150400AC5804E0EF183A88C5101700C0101500C0881C
S3150400AC681701C0101501C0881702801015028088C4
S3150400AC783A88098040190A401702C0DF170140DCE8
S3150400AC88170000DC0403C0DE3A2800F804FAFFDEE5
S3150400AC981505C0DF150400DD1503C0DC150280DCCC
S3150400ACA8150140DC150000DC3A8805203A88272877
S3150400ACB83A8829307400010404E32F84440080048C
S3150400ACC8C47F40043A8809803A880B103A880D9064
S3150400ACD83A880F88C0C10A4004FD3F843A8809802F
S3150400ACE83A880B983A880D003A880F88C0C10A40FA
S3150400ACF8040600813A880BA03A880D903A880F8892
S3150400AD08C0C10A401705C0DF170400DD1703C0DCFD
S3150400AD18170280DC170140DC170000DC0406C0DEDD
S3150400AD283A2800F804F9FFDE1506C0DF150540DDEC
S3150400AD38150400DD1503C0DC150280DC150140DCB2
S3150400AD48150000DC3A8829203A8827283A882B30C7
S3150400AD58740041010460742980F90A403A88211074
S3150400AD68260200103A882500060A00003A8809A037
S3150400AD7880000B403A8821101E050010C4FF7F048A
S3150400AD8844FB3F04062D0000C4FC3F04062B0000C8
S3150400AD98440080043A880980400C0B403A88231002
S3150400ADA8163500103A88091004034001C05A0940B0
S3150400ADB87400010204E02F423A8809123400900014
S3150400ADC8C4FFBF103A7086981502C0203AC0049092
S3150400ADD81E12001034009018150280207400810099
S3150400ADE80462B4101700C011170080213A880B00BA
S3150400ADF83A880740440040020403000217008018FA
S3150400AE081E038011170280180E0100101EDE3F195A
S3150400AE183A884B2A3A88071A2EF87F39170380800E
S3150400AE28261700103A880BA03A880D983A880FA876
S3150400AE383AE83E103A8821100E1100103A8809881B
S3150400AE4840190A40740081000463B4101700801086
S3150400AE581E0300107400C1000405FB180602000056
S3150400AE683AE83E103A8807103AC8050415008018CF
S3150400AE78C4FF7F04060200003A88211006EF3F004B
S3150400AE883A8805881706C0DF170540DD170400DD74
S3150400AE981703C0DC170280DC170140DC170000DC4E
S3150400AEA80407C0DE3A2800F83A300B0084FFBF00D6
S3150400AEB83A7084283A7001101700C02017018020C0
S3150400AEC815018018170180201500C01015010021EE
S3150400AED8150000213A7001283A2800F804FDFFDE1F
S3150400AEE81502C0DF150140DC150000DC170E20D45E
S3150400AEF817B3A6D04400801015B3A6D0061B0000CD
S3150400AF0817004084030480802603001017B3A6D0D4
S3150400AF181E0100100504008017B3E6D017028080CE
S3150400AF2836118018030480801E0F001017038080D2
S3150400AF38170500813AE83E103A8807101E030010E8
S3150400AF483A88098000EB0A40060700001702808049
S3150400AF583A8885181502808017B3E6D02E02C010E9
S3150400AF6844008000050480803A882188040EA0D015
S3150400AF781EE3BF801702C0DF170140DC170000DCA0
S3150400AF880403C0DE3A2800F8FA7001003A2800F8EB
S3150400AF9804FBFFDE1504C0DF1503C0DC150280DCE4
S3150400AFA8150140DC150000DC3A8827203A88212858
S3150400AFB81700402CC0350040440080142607008C36
S3150400AFC8170200893A880B983A880D90C0190B40E5
S3150400AFD8260300101700408C1EF97F843A88230044
S3150400AFE83A8805881704C0DF1703C0DC170280DC1B
S3150400AFF8170140DC170000DC0405C0DE3A2800F817
S3150400B00804F9FFDE1506C0DF150540DD150400DD6D
S3150400B0181503C0DC150280DC150140DC150000DCD4
S3150400B0283A88252074008100045EB4101700401481
S3150400B0383A882B1026168088C4FF3F05C40BC00423
S3150400B0481702008C3A880980C03500403A880710F0
S3150400B0583A8885803A880515070080101E01C014B1
S3150400B0683A88071D3A88851C070080102601C014F3
S3150400B0781E0500103A8809803A880B903A880D18FC
S3150400B088C0190B40260300101700408C1EEC7F8D58
S3150400B0983A8823003A8805881706C0DF170540DD75
S3150400B0A8170400DD1703C0DC170280DC170140DC37
S3150400B0B8170000DC0407C0DE3A2800F804FBFFDEAC
S3150400B0C81504C0DF1503C0DC150280DC150140DC5D
S3150400B0D8150000DC3A8825203A8821007400C1004E
S3150400B0E804E0EF187400C1040462F49C1700801885
S3150400B0F81E0E00103A88098004034001C05A09400C
S3150400B1087400C10004E0EF183A88C51015008014CD
S3150400B11817008098160200143A880580060800006D
S3150400B1281500009C3A880580060500004400008442
S3150400B1380403C018040880001EECBF8004FABF008C
S3150400B1481704C0DF1703C0DC170280DC170140DCD4
S3150400B158170000DC0405C0DE3A2800F804FEFFDE0A
S3150400B1683A880B00150000DC1501C0DF3A88212057
S3150400B17840210B40740081000459B41017000011D3
S3150400B188170F8020260100103AE83E103A880980F5
S3150400B198403C0B40C400C0002E0380193AB0442139
S3150400B1A83A70C410260F0010C4FFFF311E06003083
S3150400B1B8060A0000C4FFFF39C4FFBF00440000218B
S3150400B1C844004029260580380300C020030080284F
S3150400B1D826F8BF183AC885183A2800F83A880500A8
S3150400B1E83A2800F83A880F181700C0201700802854
S3150400B1F81EEDBF1804FFBF310401002104014029D4
S3150400B20836F9BF3906E83F003A2800F87400810089
S3150400B2180459B4101700801004F3FFDE150B00DF81
S3150400B228150180D834008000040080103A00051007
S3150400B238150280D8170180D8150840DD150700DDEA
S3150400B24804528010150CC0DF150AC0DD150980DD0F
S3150400B2581506C0DC150580DC150440DC150300DC86
S3150400B2683A882B283A883920150080D83A002928A4
S3150400B278170180D817524014261000881700C0DD1D
S3150400B288170180880422808CC4FF3F1416090080A5
S3150400B298C4FFBF051E1500A03A8809843A8805210B
S3150400B2A83A8885141720C0102611C0A8C4FF3F8405
S3150400B2B81EF8BF85170280D826310010170CC0DF88
S3150400B2C8170B00DF170AC0DD170980DD170840DDF4
S3150400B2D8170700DD1706C0DC170580DC170440DCF9
S3150400B2E8170300DC040DC0DE3A2800F83A880984FE
S3150400B2F81701C0883A8805213A884514C4FFFF18FF
S3150400B308170280112615001C1502001026E73F3087
S3150400B3184400C0003A98061C174080901701C08C58
S3150400B3283A70841826140010174180903A708418CD
S3150400B3381E0C00103A8805213A8885141700401116
S3150400B3483A8809E03AE83E30170180881EC8BF9853
S3150400B358170080B826D57F1406C53F001501008C52
S3150400B36806EA3F003A8805213A8885141700001131
S3150400B3783AE83E3006F43F003AE83E3006F23F002B
S3150400B388170180881E080010170000892607002068
S3150400B398150000B93A88098800000000170040BC67
S3150400B3A81EB73F8806C53F00170000893A882F88CC
S3150400B3B83A8823201EB23F8806C03F002602002092
S3150400B3C870F02A0006010000B0F02A0006FF3F00CC
S3090400B3D810B20004A1
S3150400B3DC546573742063617074657572735F736FEF
S3150400B3EC6C5F736575696C006E6976656175203D75
S3150400B3FC20256C75207C20766563745F636170749C
S3150400B40C203D2030782530326C580A000A000000A2
S3150400B41C30313233343536373839616263646566B4
S3150400B42C00000000494E4600696E66004E414E000F
S3150400B43C6E616E00286E756C6C29000030313233E7
S3150400B44C343536373839414243444546000000000A
S3150400B45C62756720696E2076667072696E74663AD8
S3150400B46C2062616420626173650000003000303034
S3150400B47C30303030303030303030303030302020D6
S3150400B48C20202020202020202020202020200000E6
S3150400B49C496E66696E697479000000004E614E004F
S3150400B4AC430000002E00000049534F2D383835391F
S3150400B4BC2D310000B0B4000458B4000458B4000490
S3150400B4CC58B4000458B4000458B4000458B4000426
S3150400B4DC58B4000458B4000458B400047F7F7F7F2A
S3150400B4EC7F7F7F7F000000000000F03F000000001B
S3150400B4FC0000244000000000000059400000000039
S3150400B50C00408F40000000000088C340000000008B
S3150400B51C006AF8400000000080842E410000000000
S3150400B52CD01263410000000084D79741000000004C
S3150400B53C65CDCD41000000205FA00242000000E86A
S3150400B54C76483742000000A2941A6D42000040E58A
S3150400B55C9C30A2420000901EC4BCD6420000342685
S3150400B56CF56B0C430080E03779C3414300A0D885C2
S3150400B57C5734764300C84E676DC1AB43003D9160AA
S3150400B58CE458E143408CB5781DAF154450EFE2D630
S3150400B59CE41A4B4492D54D06CFF08044F64AE1C7E3
S3150400B5AC022DB544B49DD9794378EA440080E0373A
S3150400B5BC79C34143176E05B5B5B89346F5F93FE91A
S3150400B5CC034F384D321D30F94877825A3CBF737F8E
S3150400B5DCDD4F1575BC89D897B2D29C3C33A7A8D538
S3150400B5EC23F649393DA7F444FD0FA5329D978CCF1C
S3150400B5FC08BA5B25436FAC642806C80A050000002C
S3150400B60C190000007D00000000000000000000008E
S3150400B61C000000000000000000000000000102020F
S3150400B62C03030303040404040404040405050505C4
S3150400B63C05050505050505050505050506060606A0
S3150400B64C0606060606060606060606060606060684
S3150400B65C0606060606060606060606060707070770
S3150400B66C0707070707070707070707070707070754
S3150400B67C0707070707070707070707070707070744
S3150400B68C0707070707070707070707070707070734
S3150400B69C0707070707070707070707070808080820
S3150400B6AC0808080808080808080808080808080804
S3150400B6BC08080808080808080808080808080808F4
S3150400B6CC08080808080808080808080808080808E4
S3150400B6DC08080808080808080808080808080808D4
S3150400B6EC08080808080808080808080808080808C4
S3150400B6FC08080808080808080808080808080808B4
S3150400B70C08080808080808080808080808080808A3
S3150400B71C0808080808080808080808082F64657645
S3150400B72C2F6E756C6C0000002F6465762F4A54419D
S30D0400B73C475F55415254000019
S3150400D1A00000000030BA00048CBA0004E8BA000497
S3150400D1B00000000000000000000000000000000065
S3150400D1C00000000000000000000000000000000055
S3150400D1D000000000ACB400040000000000000000E1
S3150400D1E00000000000000000000000000000000035
S3150400D1F00000000000000000000000000000000025
S3150400D2000000000000000000000000000000000014
S3150400D2100000000000000000000000000000000004
S3150400D22000000000000000000000000000000000F4
S3150400D23000000000000000000000000000000000E4
S3150400D2400000000001000000000000000E33CDAB1A
S3150400D25034126DE6ECDE05000B0000000000000051
S3150400D26000000000000000000000000000000000B4
S3150400D27000000000000000000000000000000000A4
S3150400D2800000000000000000000000000000000094
S3150400D2900000000000000000000000000000000084
S3150400D2A00000000000000000000000000000000074
S3150400D2B00000000000000000000000000000000064
S3150400D2C00000000000000000000000000000000054
S3150400D2D00000000000000000000000000000000044
S3150400D2E00000000000000000000000000000000034
S3150400D2F00000000000000000000000000000000024
S3150400D3000000000000000000000000000000000013
S3150400D3100000000000000000000000000000000003
S3150400D32000000000000000000000000000000000F3
S3150400D33000000000000000000000000000000000E3
S3150400D34000000000000000000000000000000000D3
S3150400D35000000000000000000000000000000000C3
S3150400D36000000000000000000000000000000000B3
S3150400D37000000000000000000000000000000000A3
S3150400D3800000000000000000000000000000000093
S3150400D3900000000000000000000000000000000083
S3150400D3A00000000000000000000000000000000073
S3150400D3B00000000000000000000000000000000063
S3150400D3C00000000000000000000000000000000053
S3150400D3D00000000000000000000000000000000043
S3150400D3E00000000000000000000000000000000033
S3150400D3F00000000000000000000000000000000023
S3150400D4000000000000000000000000000000000012
S3150400D4100000000000000000000000000000000002
S3150400D42000000000000000000000000000000000F2
S3150400D43000000000000000000000000000000000E2
S3150400D44000000000000000000000000000000000D2
S3150400D45000000000000000000000000000000000C2
S3150400D46000000000000000000000000000000000B2
S3150400D47000000000000000000000000000000000A2
S3150400D4800000000000000000000000000000000092
S3150400D4900000000000000000000000000000000082
S3150400D4A00000000000000000000000000000000072
S3150400D4B00000000000000000000000000000000062
S3150400D4C00000000000000000000000000000000052
S3150400D4D00000000000000000000000000000000042
S3150400D4E00000000000000000000000000000000032
S3150400D4F00000000000000000000000000000000022
S3150400D5000000000000000000000000000000000011
S3150400D5100000000000000000000000000000000001
S3150400D52000000000000000000000000000000000F1
S3150400D53000000000000000000000000000000000E1
S3150400D54000000000000000000000000000000000D1
S3150400D55000000000000000000000000000000000C1
S3150400D56000000000000000000000000000000000B1
S3150400D57000000000000000000000000000000000A1
S3150400D5800000000000000000000000000000000091
S3150400D5900000000000000000000000000000000081
S3150400D5A0430000000000000000000000000000002E
S3150400D5B00000000050BB000450BB000458BB00042C
S3150400D5C058BB000460BB000460BB000468BB0004D5
S3150400D5D068BB000470BB000470BB000478BB000485
S3150400D5E078BB000480BB000480BB000488BB000435
S3150400D5F088BB000490BB000490BB000498BB0004E5
S3150400D60098BB0004A0BB0004A0BB0004A8BB000494
S3150400D610A8BB0004B0BB0004B0BB0004B8BB000444
S3150400D620B8BB0004C0BB0004C0BB0004C8BB0004F4
S3150400D630C8BB0004D0BB0004D0BB0004D8BB0004A4
S3150400D640D8BB0004E0BB0004E0BB0004E8BB000454
S3150400D650E8BB0004F0BB0004F0BB0004F8BB000404
S3150400D660F8BB000400BC000400BC000408BC0004B1
S3150400D67008BC000410BC000410BC000418BC000460
S3150400D68018BC000420BC000420BC000428BC000410
S3150400D69028BC000430BC000430BC000438BC0004C0
S3150400D6A038BC000440BC000440BC000448BC000470
S3150400D6B048BC000450BC000450BC000458BC000420
S3150400D6C058BC000460BC000460BC000468BC0004D0
S3150400D6D068BC000470BC000470BC000478BC000480
S3150400D6E078BC000480BC000480BC000488BC000430
S3150400D6F088BC000490BC000490BC000498BC0004E0
S3150400D70098BC0004A0BC0004A0BC0004A8BC00048F
S3150400D710A8BC0004B0BC0004B0BC0004B8BC00043F
S3150400D720B8BC0004C0BC0004C0BC0004C8BC0004EF
S3150400D730C8BC0004D0BC0004D0BC0004D8BC00049F
S3150400D740D8BC0004E0BC0004E0BC0004E8BC00044F
S3150400D750E8BC0004F0BC0004F0BC0004F8BC0004FF
S3150400D760F8BC000400BD000400BD000408BD0004AC
S3150400D77008BD000410BD000410BD000418BD00045B
S3150400D78018BD000420BD000420BD000428BD00040B
S3150400D79028BD000430BD000430BD000438BD0004BB
S3150400D7A038BD000440BD000440BD000448BD00046B
S3150400D7B048BD000450BD000450BD000458BD00041B
S3150400D7C058BD000460BD000460BD000468BD0004CB
S3150400D7D068BD000470BD000470BD000478BD00047B
S3150400D7E078BD000480BD000480BD000488BD00042B
S3150400D7F088BD000490BD000490BD000498BD0004DB
S3150400D80098BD0004A0BD0004A0BD0004A8BD00048A
S3150400D810A8BD0004B0BD0004B0BD0004B8BD00043A
S3150400D820B8BD0004C0BD0004C0BD0004C8BD0004EA
S3150400D830C8BD0004D0BD0004D0BD0004D8BD00049A
S3150400D840D8BD0004E0BD0004E0BD0004E8BD00044A
S3150400D850E8BD0004F0BD0004F0BD0004F8BD0004FA
S3150400D860F8BD000400BE000400BE000408BE0004A7
S3150400D87008BE000410BE000410BE000418BE000456
S3150400D88018BE000420BE000420BE000428BE000406
S3150400D89028BE000430BE000430BE000438BE0004B6
S3150400D8A038BE000440BE000440BE000448BE000466
S3150400D8B048BE000450BE000450BE000458BE000416
S3150400D8C058BE000460BE000460BE000468BE0004C6
S3150400D8D068BE000470BE000470BE000478BE000476
S3150400D8E078BE000480BE000480BE000488BE000426
S3150400D8F088BE000490BE000490BE000498BE0004D6
S3150400D90098BE0004A0BE0004A0BE0004A8BE000485
S3150400D910A8BE0004B0BE0004B0BE0004B8BE000435
S3150400D920B8BE0004C0BE0004C0BE0004C8BE0004E5
S3150400D930C8BE0004D0BE0004D0BE0004D8BE000495
S3150400D940D8BE0004E0BE0004E0BE0004E8BE000445
S3150400D950E8BE0004F0BE0004F0BE0004F8BE0004F5
S3150400D960F8BE000400BF000400BF000408BF0004A2
S3150400D97008BF000410BF000410BF000418BF000451
S3150400D98018BF000420BF000420BF000428BF000401
S3150400D99028BF000430BF000430BF000438BF0004B1
S3150400D9A038BF000440BF000440BF000448BF000461
S3150400D9B048BF000480D1000480D1000428B70004C5
S3150400D9C00000000000000000000000007C9D000430
S3150400D9D000000000000000000000000058BF000422
S3150400D9E0000000000000000058BF00040000000012
S3150400D9F00000000058BF0004000000000000000002
S3150400DA00000000000000000000000000000000000C
S3150400DA1000000000000000000000000000000000FC
S3150400DA2000000000000000000000000000000000EC
S3150400DA3000000000000000000000000000000000DC
S3150400DA4000000000000000000000000000000000CC
S3150400DA5000000000000000000000000000000000BC
S3150400DA6000000000000000000000000000000000AC
S3150400DA70000000000000000000000000000000009C
S3150400DA80000000000000000000000000000000008C
S3150400DA90000000000000000000000000000000007C
S3150400DAA0000000000000000000000000000000006C
S3150400DAB0000000000000000000000000000000005C
S3150400DAC0000000000000000000000000000000004C
S3150400DAD0000000000000000000000000000000003C
S3150400DAE0000000000000000000000000000000002C
S3150400DAF0000000000000000000000000000000001C
S3150400DB00000000000000000000000000000000000B
S3150400DB1000000000000000000000000000000000FB
S3150400DB2000000000000000000000000000000000EB
S3150400DB3000000000000000000000000000000000DB
S3150400DB4000000000000000000000000000000000CB
S3150400DB5000000000000000000000000000000000BB
S3150400DB600000000034B7000400000000E0A3000435
S3150400DB7030A4000408A40004000000000000000013
S3150400DB80C0A30004203000000A00000000000000CA
S3150400DB90000000000000000000000000000000007B
S3150400DBA0000000000000000000000000000000006B
S3150400DBB0000000000000000000000000000000005B
S3150400DBC0000000000000000000000000000000004B
S3150400DBD0000000000000000000000000000000003B
S3150400DBE0000000000000000000000000000000002B
S3150400DBF0000000000000000000000000000000001B
S3150400DC00000000000000000000000000000000000A
S3150400DC1000000000000000000000000000000000FA
S3150400DC2000000000000000000000000000000000EA
S3150400DC3000000000000000000000000000000000DA
S3150400DC4000000000000000000000000000000000CA
S3150400DC5000000000000000000000000000000000BA
S3150400DC6000000000000000000000000000000000AA
S3150400DC70000000000000000000000000000000009A
S3150400DC80000000000000000000000000000000008A
S3150400DC90000000000000000000000000000000007A
S3150400DCA0000000000000000000000000000000006A
S3150400DCB0000000000000000000000000000000005A
S3150400DCC0000000000000000000000000000000004A
S3150400DCD0000000000000000000000000000000003A
S3150400DCE0000000000000000000000000000000002A
S3150400DCF0000000000000000000000000000000001A
S3150400DD000000000000000000000000000000000009
S3150400DD1000000000000000000000000000000000F9
S3150400DD2000000000000000000000000000000000E9
S3150400DD3000000000000000000000000000000000D9
S3150400DD4000000000000000000000000000000000C9
S3150400DD5000000000000000000000000000000000B9
S3150400DD6000000000000000000000000000000000A9
S3150400DD700000000000000000000000000000000099
S3150400DD800000000000000000000000000000000089
S3150400DD900000000000000000000000000000000079
S3150400DDA00000000000000000000000000000000069
S3150400DDB00000000000000000000000000000000059
S3150400DDC00000000000000000000000000000000049
S3150400DDD00000000000000000000000000000000039
S3150400DDE00000000000000000000000000000000029
S3150400DDF00000000000000000000000000000000019
S3150400DE000000000000000000000000000000000008
S3150400DE1000000000000000000000000000000000F8
S3150400DE2000000000000000000000000000000000E8
S3150400DE3000000000000000000000000000000000D8
S3150400DE4000000000000000000000000000000000C8
S3150400DE5000000000000000000000000000000000B8
S3150400DE6000000000000000000000000000000000A8
S3150400DE700000000000000000000000000000000098
S3150400DE800000000000000000000000000000000088
S3150400DE900000000000000000000000000000000078
S3150400DEA00000000000000000000000000000000068
S3150400DEB00000000000000000000000000000000058
S3150400DEC00000000000000000000000000000000048
S3150400DED00000000000000000000000000000000038
S3150400DEE00000000000000000000000000000000028
S3150400DEF00000000000000000000000000000000018
S3150400DF000000000000000000000000000000000007
S3150400DF1000000000000000000000000000000000F7
S3150400DF2000000000000000000000000000000000E7
S3150400DF3000000000000000000000000000000000D7
S3150400DF4000000000000000000000000000000000C7
S3150400DF5000000000000000000000000000000000B7
S3150400DF6000000000000000000000000000000000A7
S3150400DF700000000000000000000000000000000097
S3150400DF800000000000000000000000000000000087
S3150400DF900000000000000000000000000000000077
S3150400DFA00000000000000000000000000000000067
S3150400DFB00000000000000000000000000000000057
S3150400DFC00000000000000000000000000000000047
S3150400DFD00000000000000000000000000000000037
S3150400DFE00000000000000000000000000000000027
S3150400DFF00000000000000000000000000000000017
S3150400E0000000000000000000000000000000000006
S3150400E01000000000000000000000000000000000F6
S3150400E02000000000000000000000000000000000E6
S3150400E03000000000000000000000000000000000D6
S3150400E04000000000000000000000000000000000C6
S3150400E05000000000000000000000000000000000B6
S3150400E06000000000000000000000000000000000A6
S3150400E0700000000000000000000000000000000096
S3150400E0800000000000000000000000000000000086
S3150400E0900000000000000000000000000000000076
S3150400E0A00000000000000000000000000000000066
S3150400E0B00000000000000000000000000000000056
S3150400E0C00000000000000000000000000000000046
S3150400E0D00000000000000000000000000000000036
S3150400E0E00000000000000000000000000000000026
S3150400E0F00000000000000000000000000000000016
S3150400E1000000000000000000000000000000000005
S3150400E11000000000000000000000000000000000F5
S3150400E12000000000000000000000000000000000E5
S3150400E13000000000000000000000000000000000D5
S3150400E14000000000000000000000000000000000C5
S3150400E15000000000000000000000000000000000B5
S3150400E16000000000000000000000000000000000A5
S3150400E1700000000000000000000000000000000095
S3150400E1800000000000000000000000000000000085
S3150400E1900000000000000000000000000000000075
S3150400E1A00000000000000000000000000000000065
S3150400E1B00000000000000000000000000000000055
S3150400E1C00000000000000000000000000000000045
S3150400E1D00000000000000000000000000000000035
S3150400E1E00000000000000000000000000000000025
S3150400E1F00000000000000000000000000000000015
S3150400E2000000000000000000000000000000000004
S3150400E21000000000000000000000000000000000F4
S3150400E22000000000000000000000000000000000E4
S3150400E23000000000000000000000000000000000D4
S3150400E24000000000000000000000000000000000C4
S3150400E25000000000000000000000000000000000B4
S3150400E26000000000000000000000000000000000A4
S3150400E2700000000000000000000000000000000094
S3150400E2800000000000000000000000000000000084
S3150400E2900000000000000000000000000000000074
S3150400E2A00000000000000000000000000000000064
S3150400E2B00000000000000000000000000000000054
S3150400E2C00000000000000000000000000000000044
S3150400E2D00000000000000000000000000000000034
S3150400E2E00000000000000000000000000000000024
S3150400E2F00000000000000000000000000000000014
S3150400E3000000000000000000000000000000000003
S3150400E31000000000000000000000000000000000F3
S3150400E32000000000000000000000000000000000E3
S3150400E33000000000000000000000000000000000D3
S3150400E34000000000000000000000000000000000C3
S3150400E35000000000000000000000000000000000B3
S3150400E36000000000000000000000000000000000A3
S3150400E3700000000000000000000000000000000093
S3150400E3800000000000000000000000000000000083
S3150400E3900000000000000000000000000000000073
S3150400E3A00000000000000000000000000000000063
S3150400E3B00000000000000000000000000000000053
S3150400E3C00000000000000000000000000000000043
S3150400E3D00000000000000000000000000000000033
S3150400E3E00000000000000000000000000000000023
S3150400E3F00000000000000000000000000000000013
S3150400E4000000000000000000000000000000000002
S3150400E41000000000000000000000000000000000F2
S3150400E42000000000000000000000000000000000E2
S3150400E43000000000000000000000000000000000D2
S3150400E44000000000000000000000000000000000C2
S3150400E45000000000000000000000000000000000B2
S3150400E46000000000000000000000000000000000A2
S3150400E4700000000000000000000000000000000092
S3150400E4800000000000000000000000000000000082
S3150400E4900000000000000000000000000000000072
S3150400E4A00000000000000000000000000000000062
S3150400E4B00000000000000000000000000000000052
S3150400E4C00000000000000000000000000000000042
S3150400E4D00000000000000000000000000000000032
S3150400E4E00000000000000000000000000000000022
S3150400E4F00000000000000000000000000000000012
S3150400E5000000000000000000000000000000000001
S3150400E51000000000000000000000000000000000F1
S3150400E52000000000000000000000000000000000E1
S3150400E53000000000000000000000000000000000D1
S3150400E54000000000000000000000000000000000C1
S3150400E55000000000000000000000000000000000B1
S3150400E56000000000000000000000000000000000A1
S3150400E5700000000000000000000000000000000091
S3150400E5800000000000000000000000000000000081
S3150400E5900000000000000000000000000000000071
S3150400E5A00000000000000000000000000000000061
S3150400E5B00000000000000000000000000000000051
S3150400E5C00000000000000000000000000000000041
S3150400E5D00000000000000000000000000000000031
S3150400E5E00000000000000000000000000000000021
S3150400E5F00000000000000000000000000000000011
S3150400E6000000000000000000000000000000000000
S3150400E61000000000000000000000000000000000F0
S3150400E62000000000000000000000000000000000E0
S3150400E63000000000000000000000000000000000D0
S3150400E64000000000000000000000000000000000C0
S3150400E65000000000000000000000000000000000B0
S3150400E66000000000000000000000000000000000A0
S3150400E6700000000000000000000000000000000090
S3150400E6800000000000000000000000000000000080
S3150400E6900000000000000000000000000000000070
S3150400E6A00000000000000000000000000000000060
S3150400E6B00000000000000000000000000000000050
S3150400E6C00000000000000000000000000000000040
S3150400E6D00000000000000000000000000000000030
S3150400E6E00000000000000000000000000000000020
S3150400E6F00000000000000000000000000000000010
S3150400E70000000000000000000000000000000000FF
S3150400E71000000000000000000000000000000000EF
S3150400E72000000000000000000000000000000000DF
S3150400E73000000000000000000000000000000000CF
S3150400E74000000000000000000000000000000000BF
S3150400E75000000000000000000000000000000000AF
S3150400E760000000000000000000000000000000009F
S3150400E770000000000000000000000000000000008F
S3150400E780000000000000000000000000000000007F
S3150400E790000000000000000000000000000000006F
S3150400E7A0000000000000000000000000000000005F
S3150400E7B0000000000000000000000000000000004F
S3150400E7C0000000000000000000000000000000003F
S3150400E7D0000000000000000000000000000000002F
S3150400E7E0000000000000000000000000000000001F
S3150400E7F0000000000000000000000000000000000F
S3150400E80000000000000000000000000000000000FE
S3150400E81000000000000000000000000000000000EE
S3150400E82000000000000000000000000000000000DE
S3150400E83000000000000000000000000000000000CE
S3150400E84000000000000000000000000000000000BE
S3150400E85000000000000000000000000000000000AE
S3150400E860000000000000000000000000000000009E
S3150400E870000000000000000000000000000000008E
S3150400E880000000000000000000000000000000007E
S3150400E890000000000000000000000000000000006E
S3150400E8A0000000000000000000000000000000005E
S3150400E8B0000000000000000000000000000000004E
S3150400E8C0000000000000000000000000000000003E
S3150400E8D0000000000000000000000000000000002E
S3150400E8E0000000000000000000000000000000001E
S3150400E8F0000000000000000000000000000000000E
S3150400E90000000000000000000000000000000000FD
S3150400E91000000000000000000000000000000000ED
S3150400E92000000000000000000000000000000000DD
S3150400E93000000000000000000000000000000000CD
S3150400E94000000000000000000000000000000000BD
S3150400E95000000000000000000000000000000000AD
S3150400E960000000000000000000000000000000009D
S3150400E970000000000000000000000000000000008D
S3150400E980000000000000000000000000000000007D
S3150400E990000000000000000000000000000000006D
S3150400E9A0000000000000000000000000000000005D
S3150400E9B0000000000000000000000000000000004D
S3150400E9C0000000000000000000000000000000003D
S3150400E9D0000000000000000000000000000000002D
S3150400E9E0000000000000000000000000000000001D
S3150400E9F0000000000000000000000000000000000D
S3150400EA0000000000000000000000000000000000FC
S3150400EA1000000000000000000000000000000000EC
S3150400EA2000000000000000000000000000000000DC
S3150400EA3000000000000000000000000000000000CC
S3150400EA4000000000000000000000000000000000BC
S3150400EA5000000000000000000000000000000000AC
S3150400EA60000000000000000000000000000000009C
S3150400EA70000000000000000000000000000000008C
S3150400EA80000000000000000000000000000000007C
S3150400EA90000000000000000000000000000000006C
S3150400EAA0000000000000000000000000000000005C
S3150400EAB0000000000000000000000000000000004C
S3150400EAC0000000000000000000000000000000003C
S3150400EAD0000000000000000000000000000000002C
S3150400EAE0000000000000000000000000000000001C
S3150400EAF0000000000000000000000000000000000C
S3150400EB0000000000000000000000000000000000FB
S3150400EB1000000000000000000000000000000000EB
S3150400EB2000000000000000000000000000000000DB
S3150400EB3000000000000000000000000000000000CB
S3150400EB4000000000000000000000000000000000BB
S3150400EB5000000000000000000000000000000000AB
S3150400EB60000000000000000000000000000000009B
S3150400EB70000000000000000000000000000000008B
S3150400EB80000000000000000000000000000000007B
S3150400EB90000000000000000000000000000000006B
S3150400EBA0000000000000000000000000000000005B
S3150400EBB000000000000000000000000044B700044C
S3150400EBC044B7000401000000B4B4000400000200CD
S3150400EBD0FFFFFFFF78D1000478D1000458BF00047A
S3150400EBE058BF0004FFFFFFFF0000000058ED0004BB
S3110400EBF0FFFFFFFF98D1000498D1000439
S705040001688D
